atom_name	behaviour_status	layout_status	views_status	typography_status	colours_status	icons_status	data_schema_status	tracking_status	accessibility_status	tokens_status
accordion_item	DONE	DONE	DONE	DONE	DONE	DONE	DONE	DONE	DONE	DONE
app_header_appname_dropdown	ACTIVE	MISSING	MISSING	ACTIVE	MISSING	ACTIVE	MISSING	MISSING	MISSING	MISSING
blackboard	ACTIVE	ACTIVE	ACTIVE	ACTIVE	ACTIVE	ACTIVE	ACTIVE	ACTIVE	ACTIVE	ACTIVE
bottom_chat_input_bar	ACTIVE	ACTIVE	ACTIVE	ACTIVE	ACTIVE	ACTIVE	ACTIVE	ACTIVE	ACTIVE	ACTIVE
button_group	ACTIVE	ACTIVE	ACTIVE	ACTIVE	ACTIVE	ACTIVE	ACTIVE	ACTIVE	ACTIVE	ACTIVE
button_single	ACTIVE	ACTIVE	ACTIVE	ACTIVE	ACTIVE	ACTIVE	ACTIVE	ACTIVE	ACTIVE	ACTIVE
chat_card_v1	DONE	MISSING	MISSING	MISSING	DONE	DONE	DONE	MISSING	DONE	DONE
chat_icon_band_popover	ACTIVE	ACTIVE	ACTIVE	ACTIVE	ACTIVE	ACTIVE	ACTIVE	ACTIVE	ACTIVE	ACTIVE
chat_message_action_bar	ACTIVE	ACTIVE	ACTIVE	ACTIVE	ACTIVE	ACTIVE	ACTIVE	ACTIVE	ACTIVE	ACTIVE
chat_message_block	ACTIVE	ACTIVE	ACTIVE	ACTIVE	ACTIVE	ACTIVE	ACTIVE	ACTIVE	ACTIVE	ACTIVE
chat_message_list	ACTIVE	ACTIVE	ACTIVE	ACTIVE	ACTIVE	ACTIVE	ACTIVE	ACTIVE	ACTIVE	ACTIVE
chat_rail_header_bar	ACTIVE	ACTIVE	ACTIVE	ACTIVE	ACTIVE	ACTIVE	ACTIVE	ACTIVE	ACTIVE	ACTIVE
chat_rail_shell	ACTIVE	ACTIVE	ACTIVE	ACTIVE	ACTIVE	ACTIVE	ACTIVE	ACTIVE	ACTIVE	ACTIVE
chat_safety_controls_bar	ACTIVE	ACTIVE	ACTIVE	ACTIVE	ACTIVE	ACTIVE	ACTIVE	ACTIVE	ACTIVE	ACTIVE
chat_shortcuts_popover	ACTIVE	ACTIVE	ACTIVE	ACTIVE	ACTIVE	ACTIVE	ACTIVE	ACTIVE	ACTIVE	ACTIVE
chat_upload_source_picker	ACTIVE	ACTIVE	ACTIVE	ACTIVE	ACTIVE	ACTIVE	ACTIVE	ACTIVE	ACTIVE	ACTIVE
floating_pill_toolbar	ACTIVE	ACTIVE	ACTIVE	ACTIVE	ACTIVE	ACTIVE	ACTIVE	ACTIVE	ACTIVE	ACTIVE
heading_block	ACTIVE	ACTIVE	ACTIVE	ACTIVE	ACTIVE	ACTIVE	ACTIVE	ACTIVE	ACTIVE	ACTIVE
image_media_block	ACTIVE	ACTIVE	ACTIVE	ACTIVE	ACTIVE	ACTIVE	ACTIVE	ACTIVE	ACTIVE	ACTIVE
lanes_calendar_grid_v1	DONE	MISSING	MISSING	MISSING	DONE	DONE	DONE	MISSING	DONE	DONE
layout_columns_grid	ACTIVE	ACTIVE	ACTIVE	ACTIVE	ACTIVE	ACTIVE	ACTIVE	ACTIVE	ACTIVE	ACTIVE
layout_divider_block	ACTIVE	ACTIVE	ACTIVE	ACTIVE	ACTIVE	ACTIVE	ACTIVE	ACTIVE	ACTIVE	ACTIVE
layout_group_container	ACTIVE	ACTIVE	ACTIVE	DONE	ACTIVE	ACTIVE	ACTIVE	ACTIVE	ACTIVE	ACTIVE
layout_spacer_block	DONE	DONE	DONE	DONE	DONE	DONE	DONE	DONE	DONE	DONE
macro_temp_indicator	ACTIVE	MISSING	MISSING	ACTIVE	MISSING	ACTIVE	MISSING	MISSING	MISSING	MISSING
main_menu_icon_button	ACTIVE	MISSING	MISSING	ACTIVE	MISSING	ACTIVE	MISSING	MISSING	MISSING	MISSING
maybes_note	ACTIVE	ACTIVE	ACTIVE	ACTIVE	ACTIVE	ACTIVE	ACTIVE	ACTIVE	ACTIVE	ACTIVE
multi_feed_tile	ACTIVE	DONE	DONE	DONE	ACTIVE	ACTIVE	ACTIVE	DONE	ACTIVE	ACTIVE
product_buy_buttons_block	ACTIVE	ACTIVE	ACTIVE	ACTIVE	ACTIVE	ACTIVE	ACTIVE	ACTIVE	ACTIVE	ACTIVE
product_collapsible_section	ACTIVE	ACTIVE	ACTIVE	ACTIVE	ACTIVE	ACTIVE	ACTIVE	ACTIVE	ACTIVE	ACTIVE
product_description_block	ACTIVE	ACTIVE	ACTIVE	ACTIVE	ACTIVE	ACTIVE	ACTIVE	ACTIVE	ACTIVE	ACTIVE
product_info_stack	ACTIVE	ACTIVE	ACTIVE	ACTIVE	ACTIVE	ACTIVE	ACTIVE	ACTIVE	ACTIVE	ACTIVE
product_media_gallery	ACTIVE	ACTIVE	ACTIVE	ACTIVE	ACTIVE	ACTIVE	ACTIVE	ACTIVE	ACTIVE	ACTIVE
product_price_block	ACTIVE	ACTIVE	ACTIVE	ACTIVE	ACTIVE	ACTIVE	ACTIVE	ACTIVE	ACTIVE	ACTIVE
product_recommendations_section	ACTIVE	ACTIVE	ACTIVE	ACTIVE	ACTIVE	ACTIVE	ACTIVE	ACTIVE	ACTIVE	ACTIVE
product_title_block	ACTIVE	ACTIVE	ACTIVE	ACTIVE	ACTIVE	ACTIVE	ACTIVE	ACTIVE	ACTIVE	ACTIVE
product_variant_picker	ACTIVE	ACTIVE	ACTIVE	ACTIVE	ACTIVE	ACTIVE	ACTIVE	ACTIVE	ACTIVE	ACTIVE
rich_text_block	ACTIVE	ACTIVE	ACTIVE	ACTIVE	ACTIVE	ACTIVE	ACTIVE	ACTIVE	ACTIVE	ACTIVE
section_blog_posts	ACTIVE	ACTIVE	ACTIVE	ACTIVE	ACTIVE	ACTIVE	ACTIVE	ACTIVE	ACTIVE	ACTIVE
section_collection_list	ACTIVE	ACTIVE	ACTIVE	ACTIVE	ACTIVE	ACTIVE	ACTIVE	ACTIVE	ACTIVE	ACTIVE
section_custom_markup	ACTIVE	ACTIVE	ACTIVE	ACTIVE	ACTIVE	ACTIVE	ACTIVE	ACTIVE	ACTIVE	ACTIVE
section_email_signup	ACTIVE	ACTIVE	ACTIVE	ACTIVE	ACTIVE	ACTIVE	ACTIVE	ACTIVE	ACTIVE	ACTIVE
section_featured_collection_grid	ACTIVE	ACTIVE	ACTIVE	ACTIVE	ACTIVE	ACTIVE	ACTIVE	ACTIVE	ACTIVE	ACTIVE
section_hero_banner	DONE	ACTIVE	ACTIVE	ACTIVE	ACTIVE	ACTIVE	ACTIVE	ACTIVE	ACTIVE	ACTIVE
section_image_with_text	ACTIVE	ACTIVE	ACTIVE	ACTIVE	ACTIVE	ACTIVE	ACTIVE	ACTIVE	ACTIVE	ACTIVE
section_media_collage	ACTIVE	ACTIVE	ACTIVE	ACTIVE	ACTIVE	ACTIVE	ACTIVE	ACTIVE	ACTIVE	ACTIVE
section_multicolumn_features	DONE	ACTIVE	ACTIVE	ACTIVE	ACTIVE	ACTIVE	ACTIVE	ACTIVE	ACTIVE	ACTIVE
section_rich_text	DONE	ACTIVE	ACTIVE	ACTIVE	ACTIVE	ACTIVE	ACTIVE	ACTIVE	ACTIVE	ACTIVE
section_slideshow	ACTIVE	ACTIVE	ACTIVE	ACTIVE	ACTIVE	ACTIVE	ACTIVE	ACTIVE	ACTIVE	ACTIVE
surface_header_nano	ACTIVE	MISSING	MISSING	ACTIVE	MISSING	ACTIVE	MISSING	MISSING	MISSING	MISSING
surface_header_shell_micro	ACTIVE	MISSING	MISSING	ACTIVE	MISSING	ACTIVE	MISSING	MISSING	MISSING	MISSING
surface_header_shell_standard	ACTIVE	MISSING	MISSING	ACTIVE	MISSING	ACTIVE	MISSING	MISSING	MISSING	MISSING
surface_logo_centerpiece	ACTIVE	MISSING	MISSING	ACTIVE	MISSING	ACTIVE	MISSING	MISSING	MISSING	MISSING
theme_card_surface	ACTIVE	ACTIVE	ACTIVE	ACTIVE	ACTIVE	ACTIVE	ACTIVE	ACTIVE	ACTIVE	ACTIVE
theme_colour_schemes	ACTIVE	ACTIVE	ACTIVE	ACTIVE	ACTIVE	ACTIVE	ACTIVE	ACTIVE	ACTIVE	ACTIVE
theme_layout_settings	ACTIVE	ACTIVE	ACTIVE	ACTIVE	ACTIVE	ACTIVE	ACTIVE	ACTIVE	ACTIVE	ACTIVE
theme_typography_settings	ACTIVE	ACTIVE	ACTIVE	ACTIVE	ACTIVE	ACTIVE	ACTIVE	ACTIVE	ACTIVE	ACTIVE
video_media_block	ACTIVE	ACTIVE	ACTIVE	ACTIVE	ACTIVE	ACTIVE	ACTIVE	ACTIVE	ACTIVE	ACTIVE
wireframe_canvas	ACTIVE	ACTIVE	ACTIVE	ACTIVE	ACTIVE	ACTIVE	ACTIVE	ACTIVE	ACTIVE	ACTIVEhaze_fpv_canvasDONEDONEMISSINGMISSINGDONEMISSINGDONEMISSINGMISSINGDONE
haze_fpv_hudDONEDONEMISSINGMISSINGMISSINGMISSINGMISSINGMISSINGMISSINGMISSING
haze_node_infoDONEDONEMISSINGMISSINGMISSINGMISSINGDONEMISSINGMISSINGMISSING
