section	token_key	token_type	controller_kind	controller_config	notes	status	option_source	missing_siblings	animation_spec
accordion_item	content.title	string	text	{}	Initial value: Is this a migrated atom?	ACTIVE			
accordion_item	content.body	string	text	{}	Initial value: Yes, it has been manually updated to show that we can recover legacy functionality.	ACTIVE			
accordion_item	typography.title.size	string	dimension	{}	Initial value: 16px	ACTIVE			
accordion_item	typography.title.weight	number	slider	{"min":100,"max":900,"step":10}	Initial value: 600	ACTIVE			
accordion_item	typography.title.letter_spacing	string	slider	{"min":-100,"max":250,"step":1}	Initial value: 0px	ACTIVE			
accordion_item	typography.title.width	number	dimension	{}	Initial value: 100	ACTIVE			
accordion_item	typography.title.slant	number	slider	{"min":-10,"max":0,"step":1}	Initial value: 0	ACTIVE			
accordion_item	typography.title.animation.animation_mode	string	dropdown	{"options":["ON_SCROLL","OFF"]}	Initial value: OFF	ACTIVE			
accordion_item	typography.title.animation.animation_style	string	dropdown	{"options":["BREATHE_IN","BREATHE_OUT","LEAN_BACK"]}	Initial value: BREATHE_IN	ACTIVE			
accordion_item	typography.title.color	string	color	{}	Initial value: #000	ACTIVE			
accordion_item	typography.body.size	string	dimension	{}	Initial value: 14px	ACTIVE			
accordion_item	typography.body.weight	number	slider	{"min":100,"max":900,"step":10}	Initial value: 400	ACTIVE			
accordion_item	typography.body.letter_spacing	string	slider	{"min":-100,"max":250,"step":1}	Initial value: 0px	ACTIVE			
accordion_item	typography.body.width	number	dimension	{}	Initial value: 100	ACTIVE			
accordion_item	typography.body.slant	number	slider	{"min":-10,"max":0,"step":1}	Initial value: 0	ACTIVE			
accordion_item	typography.body.animation.animation_mode	string	dropdown	{"options":["ON_SCROLL","OFF"]}	Initial value: OFF	ACTIVE			
accordion_item	typography.body.animation.animation_style	string	dropdown	{"options":["BREATHE_IN","BREATHE_OUT","LEAN_BACK"]}	Initial value: BREATHE_IN	ACTIVE			
accordion_item	typography.body.color	string	color	{}	Initial value: #444	ACTIVE			
accordion_item	typography.body.line_height	string	dimension	{}	Initial value: 1.5	ACTIVE			
accordion_item	color.background	string	color	{}	Initial value: #ffffff	ACTIVE			
accordion_item	color.border	string	stepper	{}	Initial value: #dddddd	ACTIVE			
accordion_item	color.expanded_bg	string	color	{}	Initial value: #f9f9f9	ACTIVE			
accordion_item	border.width	string	dimension	{}	Initial value: 1px	ACTIVE			
accordion_item	border.color	string	color	{}	Initial value: #dddddd	ACTIVE			
accordion_item	border.radius	string	dimension	{}	Initial value: 4px	ACTIVE			
accordion_item	spacing.padding.top	string	dimension	{}	Initial value: 16px	ACTIVE			
accordion_item	spacing.padding.right	string	dimension	{}	Initial value: 16px	ACTIVE			
accordion_item	spacing.padding.bottom	string	dimension	{}	Initial value: 16px	ACTIVE			
accordion_item	spacing.padding.left	string	dimension	{}	Initial value: 16px	ACTIVE			
accordion_item	size.width	string	dimension	{}	Initial value: 100%	ACTIVE			
accordion_item	layout	NA	text	{}	Initial value: [object Object]	NA			
accordion_item	effects	NA	text	{}	Initial value: [object Object]	NA			
accordion_item	media	NA	text	{}	Initial value: [object Object]	NA			
accordion_item	interaction.open_by_default	boolean	toggle	{}	Initial value: false	ACTIVE			
accordion_item	linking	NA	text	{}	Initial value: [object Object]	NA			
accordion_item	data_binding.status	string	dropdown	{"options":["ENABLED","DISABLED","NA"]}	Initial value: ENABLED	ACTIVE			
accordion_item	tracking.analytics_event_name	string	text	{}	Initial value: accordion_open	ACTIVE			
accordion_item	accessibility.role	string	dropdown	{"options":["button","article","banner","navigation","main","complementary","region","img","none"]}	Initial value: button	ACTIVE			
accordion_item	constraints	NA	text	{}	Initial value: [object Object]	NA			
agent_node	content.agent_name.content	string	text	{}	Initial value: Agent Name	ACTIVE			
agent_node	content.agent_name.placeholder	string	text	{}	Initial value: e.g. Customer Support	ACTIVE			
agent_node	content.agent_kind.content	string	text	{}	Initial value: Kind	ACTIVE			
agent_node	content.agent_kind.placeholder	string	text	{}	Initial value: e.g. Chat	ACTIVE			
agent_node	content.icon.src	string	text	{}	Initial value: mock_asset	ACTIVE			
agent_node	style.background_color	string	color	{}	Initial value: #000000	ACTIVE			
agent_node	style.text_color	string	color	{}	Initial value: #ffffff	ACTIVE			
agent_node	style.accent_color	string	color	{}	Initial value: #333333	ACTIVE			
columns_grid	content	NA	text	{}	Initial value: [object Object]	NA			
columns_grid	typography	NA	text	{}	Initial value: [object Object]	NA			
columns_grid	color.background	string	color	{}	Initial value: transparent	ACTIVE			
columns_grid	color.border	string	stepper	{}	Initial value: transparent	ACTIVE			
columns_grid	color.text	string	color	{}	Initial value: inherit	ACTIVE			
columns_grid	border.width	string	dimension	{}	Initial value: 0px	ACTIVE			
columns_grid	border.radius	string	dimension	{}	Initial value: 0px	ACTIVE			
columns_grid	border.style	string	dropdown	{"options":["normal","italic"]}	Initial value: none	ACTIVE			
columns_grid	border.color	string	color	{}	Initial value: transparent	ACTIVE			
columns_grid	spacing.padding.top	string	dimension	{}	Initial value: 0px	ACTIVE			
columns_grid	spacing.padding.right	string	dimension	{}	Initial value: 0px	ACTIVE			
columns_grid	spacing.padding.bottom	string	dimension	{}	Initial value: 0px	ACTIVE			
columns_grid	spacing.padding.left	string	dimension	{}	Initial value: 0px	ACTIVE			
columns_grid	spacing.margin.top	string	dimension	{}	Initial value: 0px	ACTIVE			
columns_grid	spacing.margin.right	string	dimension	{}	Initial value: 0px	ACTIVE			
columns_grid	spacing.margin.bottom	string	dimension	{}	Initial value: 0px	ACTIVE			
columns_grid	spacing.margin.left	string	dimension	{}	Initial value: 0px	ACTIVE			
columns_grid	spacing.gap	string	dimension	{}	Initial value: 20px	ACTIVE			
columns_grid	size.width	string	dimension	{}	Initial value: 100%	ACTIVE			
columns_grid	size.height	string	dimension	{}	Initial value: auto	ACTIVE			
columns_grid	layout.display	string	dropdown	{"options":["block","flex","inline-block","none","grid","inline-flex"]}	Initial value: grid	ACTIVE			
columns_grid	layout.grid_template_columns	string	text	{}	Initial value: 1fr 1fr	ACTIVE			
columns_grid	layout.align_items	string	dropdown	{"options":["left","center","right","justify","start","end"]}	Initial value: start	ACTIVE			
columns_grid	layout.stack_on_mobile	boolean	toggle	{}	Initial value: true	ACTIVE			
columns_grid	effects.opacity	number	slider	{"min":0,"max":1,"step":0.1}	Initial value: 1	ACTIVE			
columns_grid	media	NA	text	{}	Initial value: [object Object]	NA			
columns_grid	interaction.enabled	boolean	toggle	{}	Initial value: false	ACTIVE			
columns_grid	linking	NA	text	{}	Initial value: [object Object]	NA			
columns_grid	data_binding.status	string	dropdown	{"options":["ENABLED","DISABLED","NA"]}	Initial value: ENABLED	ACTIVE			
columns_grid	tracking	NA	slider	{"min":-100,"max":250,"step":1}	Initial value: [object Object]	NA			
columns_grid	accessibility.role	string	dropdown	{"options":["button","article","banner","navigation","main","complementary","region","img","none"]}	Initial value: group	ACTIVE			
columns_grid	accessibility.label	string	text	{}	Initial value: Columns	ACTIVE			
columns_grid	constraints.allowed_children	object	text	{}	Initial value: rich_text_block,image_with_text,video_block,cta_button	ACTIVE			
columns_grid	constraints.allowed_edits	object	text	{}	Initial value: layout,spacing	ACTIVE			
connector_node	content.connector_name.content	string	text	{}	Initial value: Connector Name	ACTIVE			
connector_node	content.connector_name.placeholder	string	text	{}	Initial value: e.g. Shopify	ACTIVE			
connector_node	content.connector_version.content	string	text	{}	Initial value: v1.0.0	ACTIVE			
connector_node	content.connector_version.placeholder	string	text	{}	Initial value: vX.Y.Z	ACTIVE			
connector_node	content.badge_text.content	string	text	{}	Initial value: Platform	ACTIVE			
connector_node	content.badge_text.placeholder	string	text	{}	Initial value: Platform Name	ACTIVE			
connector_node	style.background_color	string	color	{}	Initial value: #ffffff	ACTIVE			
connector_node	style.border_color	string	color	{}	Initial value: #e0e0e0	ACTIVE			
connector_node	style.text_color	string	color	{}	Initial value: #000000	ACTIVE			
cta_button	content.text.content	string	text	{}	Initial value: Click me	ACTIVE			
cta_button	content.text.placeholder	string	text	{}	Initial value: Button text	ACTIVE			
cta_button	content.bindings	NA	text	{}	Initial value: [object Object]	NA			
cta_button	content.merge_tags	NA	text	{}	Initial value: [object Object]	NA			
cta_button	content.conditional	NA	text	{}	Initial value: [object Object]	NA			
cta_button	typography.base.family_preset	string	dropdown	{"options":["roboto_flex","serif","sans-serif","monospace"]}	Initial value: roboto_flex	ACTIVE			
cta_button	typography.base.size	string	dimension	{}	Initial value: 16px	ACTIVE			
cta_button	typography.base.weight	number	slider	{"min":100,"max":900,"step":10}	Initial value: 500	ACTIVE			
cta_button	typography.base.letter_spacing	string	slider	{"min":-100,"max":250,"step":1}	Initial value: 0px	ACTIVE			
cta_button	typography.base.width	number	dimension	{}	Initial value: 100	ACTIVE			
cta_button	typography.base.slant	number	slider	{"min":-10,"max":0,"step":1}	Initial value: 0	ACTIVE			
cta_button	typography.base.animation.animation_mode	string	dropdown	{"options":["ON_SCROLL","OFF"]}	Initial value: OFF	ACTIVE			
cta_button	typography.base.animation.animation_style	string	dropdown	{"options":["BREATHE_IN","BREATHE_OUT","LEAN_BACK"]}	Initial value: BREATHE_IN	ACTIVE			
cta_button	typography.base.line_height	string	dimension	{}	Initial value: 1.2	ACTIVE			
cta_button	typography.base.text_align	string	dropdown	{"options":["left","center","right","justify","start","end"]}	Initial value: center	ACTIVE			
cta_button	typography.base.text_decoration	string	dropdown	{"options":["none","underline","line-through"]}	Initial value: none	ACTIVE			
cta_button	color.background	string	color	{}	Initial value: #000000	ACTIVE			
cta_button	color.text	string	color	{}	Initial value: #FFFFFF	ACTIVE			
cta_button	color.border	string	stepper	{}	Initial value: transparent	ACTIVE			
cta_button	color.hover_background	string	color	{}	Initial value: #333333	ACTIVE			
cta_button	color.hover_text	string	color	{}	Initial value: #FFFFFF	ACTIVE			
cta_button	border.width	string	dimension	{}	Initial value: 0px	ACTIVE			
cta_button	border.radius	string	dimension	{}	Initial value: 4px	ACTIVE			
cta_button	border.style	string	dropdown	{"options":["normal","italic"]}	Initial value: solid	ACTIVE			
cta_button	border.color	string	color	{}	Initial value: transparent	ACTIVE			
cta_button	spacing.padding.top	string	dimension	{}	Initial value: 12px	ACTIVE			
cta_button	spacing.padding.right	string	dimension	{}	Initial value: 24px	ACTIVE			
cta_button	spacing.padding.bottom	string	dimension	{}	Initial value: 12px	ACTIVE			
cta_button	spacing.padding.left	string	dimension	{}	Initial value: 24px	ACTIVE			
cta_button	spacing.margin.top	string	dimension	{}	Initial value: 0px	ACTIVE			
cta_button	spacing.margin.right	string	dimension	{}	Initial value: 0px	ACTIVE			
cta_button	spacing.margin.bottom	string	dimension	{}	Initial value: 0px	ACTIVE			
cta_button	spacing.margin.left	string	dimension	{}	Initial value: 0px	ACTIVE			
cta_button	spacing.gap	string	dimension	{}	Initial value: 8px	ACTIVE			
cta_button	size.width	string	dimension	{}	Initial value: auto	ACTIVE			
cta_button	size.height	string	dimension	{}	Initial value: auto	ACTIVE			
cta_button	size.min_width	string	dimension	{}	Initial value: 0px	ACTIVE			
cta_button	size.max_width	string	dimension	{}	Initial value: 100%	ACTIVE			
cta_button	layout.display	string	dropdown	{"options":["block","flex","inline-block","none","grid","inline-flex"]}	Initial value: inline-flex	ACTIVE			
cta_button	layout.align_self	string	dropdown	{"options":["left","center","right","justify","start","end"]}	Initial value: auto	ACTIVE			
cta_button	layout.justify_content	string	dropdown	{"options":["left","center","right","justify","start","end"]}	Initial value: center	ACTIVE			
cta_button	effects.opacity	number	slider	{"min":0,"max":1,"step":0.1}	Initial value: 1	ACTIVE			
cta_button	effects.shadow	string	text	{}	Initial value: none	ACTIVE			
cta_button	media	NA	text	{}	Initial value: [object Object]	NA			
cta_button	interaction.enabled	boolean	toggle	{}	Initial value: true	ACTIVE			
cta_button	interaction.cursor	string	text	{}	Initial value: pointer	ACTIVE			
cta_button	linking.mode	string	text	{}	Initial value: href	ACTIVE			
cta_button	linking.href	string	color	{}	Initial value: #	ACTIVE			
cta_button	linking.target	string	text	{}	Initial value: _self	ACTIVE			
cta_button	linking.rel	string	text	{}	Initial value: noopener	ACTIVE			
cta_button	linking.action_type	string	text	{}	Initial value: navigate	ACTIVE			
cta_button	data_binding.status	string	dropdown	{"options":["ENABLED","DISABLED","NA"]}	Initial value: ENABLED	ACTIVE			
cta_button	data_binding.source	undefined	text	{}	Initial value: undefined	ACTIVE			
cta_button	data_binding.expr	undefined	text	{}	Initial value: undefined	ACTIVE			
cta_button	data_binding.fallback	undefined	text	{}	Initial value: undefined	ACTIVE			
cta_button	tracking.analytics_event_name	string	text	{}	Initial value: cta_click	ACTIVE			
cta_button	tracking.conversion_goal_id	string	text	{}	Initial value: 	ACTIVE			
cta_button	tracking.experiment_id	string	text	{}	Initial value: 	ACTIVE			
cta_button	tracking.impression_event	boolean	toggle	{}	Initial value: false	ACTIVE			
cta_button	tracking.click_event	boolean	toggle	{}	Initial value: true	ACTIVE			
cta_button	accessibility.role	string	dropdown	{"options":["button","article","banner","navigation","main","complementary","region","img","none"]}	Initial value: button	ACTIVE			
cta_button	accessibility.label	string	text	{}	Initial value: Click me	ACTIVE			
cta_button	accessibility.tab_index	number	stepper	{}	Initial value: 0	ACTIVE			
cta_button	accessibility.keyboard_nav	boolean	toggle	{}	Initial value: true	ACTIVE			
cta_button	constraints.allowed_edits	object	text	{}	Initial value: content,typography,color,border,spacing,linking	ACTIVE			
cta_button	constraints.email_safe	boolean	toggle	{}	Initial value: true	ACTIVE			
divider	content	NA	text	{}	Initial value: [object Object]	NA			
divider	typography	NA	text	{}	Initial value: [object Object]	NA			
divider	color.border	string	stepper	{}	Initial value: #e5e5e5	ACTIVE			
divider	border.width	string	dimension	{}	Initial value: 1px	ACTIVE			
divider	border.style	string	dropdown	{"options":["normal","italic"]}	Initial value: solid	ACTIVE			
divider	border.color	string	color	{}	Initial value: current_color	ACTIVE			
divider	spacing.padding.top	string	dimension	{}	Initial value: 20px	ACTIVE			
divider	spacing.padding.right	string	dimension	{}	Initial value: 0px	ACTIVE			
divider	spacing.padding.bottom	string	dimension	{}	Initial value: 20px	ACTIVE			
divider	spacing.padding.left	string	dimension	{}	Initial value: 0px	ACTIVE			
divider	spacing.margin.top	string	dimension	{}	Initial value: 0px	ACTIVE			
divider	spacing.margin.right	string	dimension	{}	Initial value: 0px	ACTIVE			
divider	spacing.margin.bottom	string	dimension	{}	Initial value: 0px	ACTIVE			
divider	spacing.margin.left	string	dimension	{}	Initial value: 0px	ACTIVE			
divider	spacing.gap	string	dimension	{}	Initial value: 0px	ACTIVE			
divider	size.width	string	dimension	{}	Initial value: 100%	ACTIVE			
divider	size.height	string	dimension	{}	Initial value: 1px	ACTIVE			
divider	layout.display	string	dropdown	{"options":["block","flex","inline-block","none","grid","inline-flex"]}	Initial value: block	ACTIVE			
divider	effects.opacity	number	slider	{"min":0,"max":1,"step":0.1}	Initial value: 1	ACTIVE			
divider	media	NA	text	{}	Initial value: [object Object]	NA			
divider	interaction.enabled	boolean	toggle	{}	Initial value: false	ACTIVE			
divider	linking	NA	text	{}	Initial value: [object Object]	NA			
divider	data_binding	NA	text	{}	Initial value: [object Object]	NA			
divider	tracking	NA	slider	{"min":-100,"max":250,"step":1}	Initial value: [object Object]	NA			
divider	accessibility.role	string	dropdown	{"options":["button","article","banner","navigation","main","complementary","region","img","none"]}	Initial value: separator	ACTIVE			
divider	constraints.allowed_edits	object	text	{}	Initial value: spacing,color,border	ACTIVE			
dm_card	content.title	string	text	{}	Initial value: Order Update	ACTIVE			
dm_card	content.subtitle	string	text	{}	Initial value: Your package has shipped!	ACTIVE			
dm_card	content.image	string	text	{}	Initial value: https://via.placeholder.com/400x200	ACTIVE			
dm_card	content.buttons	object	text	{}	Initial value: [object Object],[object Object]	ACTIVE			
dm_card	typography.title.size	string	dimension	{}	Initial value: 16px	ACTIVE			
dm_card	typography.title.weight	number	slider	{"min":100,"max":900,"step":10}	Initial value: 600	ACTIVE			
dm_card	typography.title.letter_spacing	string	slider	{"min":-100,"max":250,"step":1}	Initial value: 0px	ACTIVE			
dm_card	typography.title.width	number	dimension	{}	Initial value: 100	ACTIVE			
dm_card	typography.title.slant	number	slider	{"min":-10,"max":0,"step":1}	Initial value: 0	ACTIVE			
dm_card	typography.title.animation.animation_mode	string	dropdown	{"options":["ON_SCROLL","OFF"]}	Initial value: OFF	ACTIVE			
dm_card	typography.title.animation.animation_style	string	dropdown	{"options":["BREATHE_IN","BREATHE_OUT","LEAN_BACK"]}	Initial value: BREATHE_IN	ACTIVE			
dm_card	typography.subtitle.size	string	dimension	{}	Initial value: 14px	ACTIVE			
dm_card	typography.subtitle.weight	number	slider	{"min":100,"max":900,"step":10}	Initial value: 400	ACTIVE			
dm_card	typography.subtitle.letter_spacing	string	slider	{"min":-100,"max":250,"step":1}	Initial value: 0px	ACTIVE			
dm_card	typography.subtitle.width	number	dimension	{}	Initial value: 100	ACTIVE			
dm_card	typography.subtitle.slant	number	slider	{"min":-10,"max":0,"step":1}	Initial value: 0	ACTIVE			
dm_card	typography.subtitle.animation.animation_mode	string	dropdown	{"options":["ON_SCROLL","OFF"]}	Initial value: OFF	ACTIVE			
dm_card	typography.subtitle.animation.animation_style	string	dropdown	{"options":["BREATHE_IN","BREATHE_OUT","LEAN_BACK"]}	Initial value: BREATHE_IN	ACTIVE			
dm_card	typography.subtitle.color	string	color	{}	Initial value: #666	ACTIVE			
dm_card	color.background	string	color	{}	Initial value: #ffffff	ACTIVE			
dm_card	color.border	string	stepper	{}	Initial value: #e0e0e0	ACTIVE			
dm_card	border.width	string	dimension	{}	Initial value: 1px	ACTIVE			
dm_card	border.radius	string	dimension	{}	Initial value: 12px	ACTIVE			
dm_card	border.style	string	dropdown	{"options":["normal","italic"]}	Initial value: solid	ACTIVE			
dm_card	border.color	string	color	{}	Initial value: current_color	ACTIVE			
dm_card	spacing.padding.top	string	dimension	{}	Initial value: 0	ACTIVE			
dm_card	spacing.padding.right	string	dimension	{}	Initial value: 0	ACTIVE			
dm_card	spacing.padding.bottom	string	dimension	{}	Initial value: 0	ACTIVE			
dm_card	spacing.padding.left	string	dimension	{}	Initial value: 0	ACTIVE			
dm_card	spacing.margin.top	string	dimension	{}	Initial value: 8px	ACTIVE			
dm_card	spacing.margin.right	string	dimension	{}	Initial value: 0	ACTIVE			
dm_card	spacing.margin.bottom	string	dimension	{}	Initial value: 8px	ACTIVE			
dm_card	spacing.margin.left	string	dimension	{}	Initial value: 0	ACTIVE			
dm_card	spacing.gap	string	dimension	{}	Initial value: 8px	ACTIVE			
dm_card	size.width	string	dimension	{}	Initial value: 280px	ACTIVE			
dm_card	layout.display	string	dropdown	{"options":["block","flex","inline-block","none","grid","inline-flex"]}	Initial value: flex	ACTIVE			
dm_card	layout.flex_direction	string	text	{}	Initial value: column	ACTIVE			
dm_card	effects.shadow	string	text	{}	Initial value: 0 2px 8px rgba(0,0,0,0.1)	ACTIVE			
dm_card	media	NA	text	{}	Initial value: [object Object]	NA			
dm_card	interaction.enabled	boolean	toggle	{}	Initial value: true	ACTIVE			
dm_card	linking	NA	text	{}	Initial value: [object Object]	NA			
dm_card	data_binding.status	string	dropdown	{"options":["ENABLED","DISABLED","NA"]}	Initial value: ENABLED	ACTIVE			
dm_card	tracking.analytics_event_name	string	text	{}	Initial value: card_view	ACTIVE			
dm_card	accessibility.role	string	dropdown	{"options":["button","article","banner","navigation","main","complementary","region","img","none"]}	Initial value: article	ACTIVE			
dm_card	constraints.mobile_optimized	boolean	toggle	{}	Initial value: true	ACTIVE			
dm_gallery	content.cards	object	text	{}	Initial value: [object Object],[object Object],[object Object]	ACTIVE			
dm_gallery	typography.title.size	string	dimension	{}	Initial value: 14px	ACTIVE			
dm_gallery	typography.title.weight	number	slider	{"min":100,"max":900,"step":10}	Initial value: 600	ACTIVE			
dm_gallery	typography.title.letter_spacing	string	slider	{"min":-100,"max":250,"step":1}	Initial value: 0px	ACTIVE			
dm_gallery	typography.title.width	number	dimension	{}	Initial value: 100	ACTIVE			
dm_gallery	typography.title.slant	number	slider	{"min":-10,"max":0,"step":1}	Initial value: 0	ACTIVE			
dm_gallery	typography.title.animation.animation_mode	string	dropdown	{"options":["ON_SCROLL","OFF"]}	Initial value: OFF	ACTIVE			
dm_gallery	typography.title.animation.animation_style	string	dropdown	{"options":["BREATHE_IN","BREATHE_OUT","LEAN_BACK"]}	Initial value: BREATHE_IN	ACTIVE			
dm_gallery	color.background	string	color	{}	Initial value: transparent	ACTIVE			
dm_gallery	border	NA	stepper	{}	Initial value: [object Object]	NA			
dm_gallery	spacing.padding.top	string	dimension	{}	Initial value: 10px	ACTIVE			
dm_gallery	spacing.padding.right	string	dimension	{}	Initial value: 10px	ACTIVE			
dm_gallery	spacing.padding.bottom	string	dimension	{}	Initial value: 10px	ACTIVE			
dm_gallery	spacing.padding.left	string	dimension	{}	Initial value: 10px	ACTIVE			
dm_gallery	spacing.margin.top	string	dimension	{}	Initial value: 0	ACTIVE			
dm_gallery	spacing.margin.right	string	dimension	{}	Initial value: 0	ACTIVE			
dm_gallery	spacing.margin.bottom	string	dimension	{}	Initial value: 0	ACTIVE			
dm_gallery	spacing.margin.left	string	dimension	{}	Initial value: 0	ACTIVE			
dm_gallery	spacing.gap	string	dimension	{}	Initial value: 12px	ACTIVE			
dm_gallery	size.width	string	dimension	{}	Initial value: 100%	ACTIVE			
dm_gallery	size.height	string	dimension	{}	Initial value: auto	ACTIVE			
dm_gallery	layout.display	string	dropdown	{"options":["block","flex","inline-block","none","grid","inline-flex"]}	Initial value: flex	ACTIVE			
dm_gallery	layout.overflow_x	string	text	{}	Initial value: scroll	ACTIVE			
dm_gallery	effects	NA	text	{}	Initial value: [object Object]	NA			
dm_gallery	media	NA	text	{}	Initial value: [object Object]	NA			
dm_gallery	interaction.enabled	boolean	toggle	{}	Initial value: true	ACTIVE			
dm_gallery	linking	NA	text	{}	Initial value: [object Object]	NA			
dm_gallery	data_binding.status	string	dropdown	{"options":["ENABLED","DISABLED","NA"]}	Initial value: ENABLED	ACTIVE			
dm_gallery	tracking	NA	slider	{"min":-100,"max":250,"step":1}	Initial value: [object Object]	NA			
dm_gallery	accessibility.role	string	dropdown	{"options":["button","article","banner","navigation","main","complementary","region","img","none"]}	Initial value: list	ACTIVE			
dm_gallery	accessibility.label	string	text	{}	Initial value: Carousel	ACTIVE			
dm_gallery	constraints.mobile_optimized	boolean	toggle	{}	Initial value: true	ACTIVE			
dm_message_text	content.text	string	text	{}	Initial value: Hello, how can I help you today?	ACTIVE			
dm_message_text	content.sender	string	text	{}	Initial value: bot	ACTIVE			
dm_message_text	typography.base.family_preset	string	dropdown	{"options":["roboto_flex","serif","sans-serif","monospace"]}	Initial value: system	ACTIVE			
dm_message_text	typography.base.size	string	dimension	{}	Initial value: 15px	ACTIVE			
dm_message_text	typography.base.weight	number	slider	{"min":100,"max":900,"step":10}	Initial value: 400	ACTIVE			
dm_message_text	typography.base.slant	number	slider	{"min":-10,"max":0,"step":1}	Initial value: 0	ACTIVE			
dm_message_text	typography.base.width	number	dimension	{}	Initial value: 100	ACTIVE			
dm_message_text	typography.base.letter_spacing	string	slider	{"min":-100,"max":250,"step":1}	Initial value: 0px	ACTIVE			
dm_message_text	typography.base.animation.animation_mode	string	dropdown	{"options":["ON_SCROLL","OFF"]}	Initial value: OFF	ACTIVE			
dm_message_text	typography.base.animation.animation_style	string	dropdown	{"options":["BREATHE_IN","BREATHE_OUT","LEAN_BACK"]}	Initial value: BREATHE_IN	ACTIVE			
dm_message_text	typography.base.line_height	string	dimension	{}	Initial value: 1.4	ACTIVE			
dm_message_text	typography.base.color	string	color	{}	Initial value: #000000	ACTIVE			
dm_message_text	color.background	string	color	{}	Initial value: #e0e0e0	ACTIVE			
dm_message_text	color.user_background	string	color	{}	Initial value: #0084ff	ACTIVE			
dm_message_text	color.user_text	string	color	{}	Initial value: #ffffff	ACTIVE			
dm_message_text	border.radius	string	dimension	{}	Initial value: 18px	ACTIVE			
dm_message_text	spacing.padding.top	string	dimension	{}	Initial value: 10px	ACTIVE			
dm_message_text	spacing.padding.right	string	dimension	{}	Initial value: 16px	ACTIVE			
dm_message_text	spacing.padding.bottom	string	dimension	{}	Initial value: 10px	ACTIVE			
dm_message_text	spacing.padding.left	string	dimension	{}	Initial value: 16px	ACTIVE			
dm_message_text	spacing.margin.top	string	dimension	{}	Initial value: 4px	ACTIVE			
dm_message_text	spacing.margin.right	string	dimension	{}	Initial value: 0	ACTIVE			
dm_message_text	spacing.margin.bottom	string	dimension	{}	Initial value: 4px	ACTIVE			
dm_message_text	spacing.margin.left	string	dimension	{}	Initial value: 0	ACTIVE			
dm_message_text	spacing.gap	string	dimension	{}	Initial value: 0	ACTIVE			
dm_message_text	size.max_width	string	dimension	{}	Initial value: 75%	ACTIVE			
dm_message_text	layout.display	string	dropdown	{"options":["block","flex","inline-block","none","grid","inline-flex"]}	Initial value: flex	ACTIVE			
dm_message_text	effects	NA	text	{}	Initial value: [object Object]	NA			
dm_message_text	media	NA	text	{}	Initial value: [object Object]	NA			
dm_message_text	interaction.enabled	boolean	toggle	{}	Initial value: false	ACTIVE			
dm_message_text	linking	NA	text	{}	Initial value: [object Object]	NA			
dm_message_text	data_binding.status	string	dropdown	{"options":["ENABLED","DISABLED","NA"]}	Initial value: ENABLED	ACTIVE			
dm_message_text	tracking	NA	slider	{"min":-100,"max":250,"step":1}	Initial value: [object Object]	NA			
dm_message_text	accessibility.role	string	dropdown	{"options":["button","article","banner","navigation","main","complementary","region","img","none"]}	Initial value: log	ACTIVE			
dm_message_text	constraints.mobile_optimized	boolean	toggle	{}	Initial value: true	ACTIVE			
dm_quick_replies	content.options	object	text	{}	Initial value: Yes,No,Maybe	ACTIVE			
dm_quick_replies	typography.base.size	string	dimension	{}	Initial value: 14px	ACTIVE			
dm_quick_replies	typography.base.weight	number	slider	{"min":100,"max":900,"step":10}	Initial value: 600	ACTIVE			
dm_quick_replies	typography.base.letter_spacing	string	slider	{"min":-100,"max":250,"step":1}	Initial value: 0px	ACTIVE			
dm_quick_replies	typography.base.width	number	dimension	{}	Initial value: 100	ACTIVE			
dm_quick_replies	typography.base.slant	number	slider	{"min":-10,"max":0,"step":1}	Initial value: 0	ACTIVE			
dm_quick_replies	typography.base.animation.animation_mode	string	dropdown	{"options":["ON_SCROLL","OFF"]}	Initial value: OFF	ACTIVE			
dm_quick_replies	typography.base.animation.animation_style	string	dropdown	{"options":["BREATHE_IN","BREATHE_OUT","LEAN_BACK"]}	Initial value: BREATHE_IN	ACTIVE			
dm_quick_replies	typography.base.color	string	color	{}	Initial value: #0084ff	ACTIVE			
dm_quick_replies	color.background	string	color	{}	Initial value: #ffffff	ACTIVE			
dm_quick_replies	color.border	string	stepper	{}	Initial value: #0084ff	ACTIVE			
dm_quick_replies	color.active_background	string	color	{}	Initial value: #0084ff	ACTIVE			
dm_quick_replies	color.active_text	string	color	{}	Initial value: #ffffff	ACTIVE			
dm_quick_replies	border.width	string	dimension	{}	Initial value: 1px	ACTIVE			
dm_quick_replies	border.radius	string	dimension	{}	Initial value: 16px	ACTIVE			
dm_quick_replies	border.style	string	dropdown	{"options":["normal","italic"]}	Initial value: solid	ACTIVE			
dm_quick_replies	border.color	string	color	{}	Initial value: current_color	ACTIVE			
dm_quick_replies	spacing.padding.top	string	dimension	{}	Initial value: 8px	ACTIVE			
dm_quick_replies	spacing.padding.right	string	dimension	{}	Initial value: 16px	ACTIVE			
dm_quick_replies	spacing.padding.bottom	string	dimension	{}	Initial value: 8px	ACTIVE			
dm_quick_replies	spacing.padding.left	string	dimension	{}	Initial value: 16px	ACTIVE			
dm_quick_replies	spacing.margin.top	string	dimension	{}	Initial value: 8px	ACTIVE			
dm_quick_replies	spacing.margin.right	string	dimension	{}	Initial value: 0	ACTIVE			
dm_quick_replies	spacing.margin.bottom	string	dimension	{}	Initial value: 8px	ACTIVE			
dm_quick_replies	spacing.margin.left	string	dimension	{}	Initial value: 0	ACTIVE			
dm_quick_replies	spacing.gap	string	dimension	{}	Initial value: 8px	ACTIVE			
dm_quick_replies	size.width	string	dimension	{}	Initial value: auto	ACTIVE			
dm_quick_replies	layout.display	string	dropdown	{"options":["block","flex","inline-block","none","grid","inline-flex"]}	Initial value: flex	ACTIVE			
dm_quick_replies	layout.wrap	string	text	{}	Initial value: wrap	ACTIVE			
dm_quick_replies	effects	NA	text	{}	Initial value: [object Object]	NA			
dm_quick_replies	media	NA	text	{}	Initial value: [object Object]	NA			
dm_quick_replies	interaction.enabled	boolean	toggle	{}	Initial value: true	ACTIVE			
dm_quick_replies	linking	NA	text	{}	Initial value: [object Object]	NA			
dm_quick_replies	data_binding.status	string	dropdown	{"options":["ENABLED","DISABLED","NA"]}	Initial value: ENABLED	ACTIVE			
dm_quick_replies	tracking.analytics_event_name	string	text	{}	Initial value: quick_reply_click	ACTIVE			
dm_quick_replies	accessibility.role	string	dropdown	{"options":["button","article","banner","navigation","main","complementary","region","img","none"]}	Initial value: group	ACTIVE			
dm_quick_replies	constraints.mobile_optimized	boolean	toggle	{}	Initial value: true	ACTIVE			
email_button	content.label	string	text	{}	Initial value: Click Me	ACTIVE			
email_button	typography.family	string	dropdown	{"options":["roboto_flex","serif","sans-serif","monospace"]}	Initial value: arial	ACTIVE			
email_button	typography.size	string	dimension	{}	Initial value: 16px	ACTIVE			
email_button	typography.slant	number	slider	{"min":-10,"max":0,"step":1}	Initial value: 0	ACTIVE			
email_button	typography.width	number	dimension	{}	Initial value: 100	ACTIVE			
email_button	typography.letter_spacing	string	slider	{"min":-100,"max":250,"step":1}	Initial value: 0px	ACTIVE			
email_button	typography.animation.animation_mode	string	dropdown	{"options":["ON_SCROLL","OFF"]}	Initial value: OFF	ACTIVE			
email_button	typography.animation.animation_style	string	dropdown	{"options":["BREATHE_IN","BREATHE_OUT","LEAN_BACK"]}	Initial value: BREATHE_IN	ACTIVE			
email_button	typography.weight	string	slider	{"min":100,"max":900,"step":10}	Initial value: bold	ACTIVE			
email_button	typography.color	string	color	{}	Initial value: #ffffff	ACTIVE			
email_button	color.background	string	color	{}	Initial value: #007bff	ACTIVE			
email_button	border.radius	string	dimension	{}	Initial value: 4px	ACTIVE			
email_button	spacing.padding.top	string	dimension	{}	Initial value: 12px	ACTIVE			
email_button	spacing.padding.right	string	dimension	{}	Initial value: 24px	ACTIVE			
email_button	spacing.padding.bottom	string	dimension	{}	Initial value: 12px	ACTIVE			
email_button	spacing.padding.left	string	dimension	{}	Initial value: 24px	ACTIVE			
email_button	spacing.margin.top	string	dimension	{}	Initial value: 0	ACTIVE			
email_button	spacing.margin.right	string	dimension	{}	Initial value: 0	ACTIVE			
email_button	spacing.margin.bottom	string	dimension	{}	Initial value: 20px	ACTIVE			
email_button	spacing.margin.left	string	dimension	{}	Initial value: 0	ACTIVE			
email_button	spacing.gap	string	dimension	{}	Initial value: 0	ACTIVE			
email_button	size.width	string	dimension	{}	Initial value: auto	ACTIVE			
email_button	layout.display	string	dropdown	{"options":["block","flex","inline-block","none","grid","inline-flex"]}	Initial value: inline-block	ACTIVE			
email_button	layout.align	string	dropdown	{"options":["left","center","right","justify","start","end"]}	Initial value: center	ACTIVE			
email_button	effects	NA	text	{}	Initial value: [object Object]	NA			
email_button	media	NA	text	{}	Initial value: [object Object]	NA			
email_button	interaction.enabled	boolean	toggle	{}	Initial value: true	ACTIVE			
email_button	linking.href	string	color	{}	Initial value: #	ACTIVE			
email_button	data_binding.status	string	dropdown	{"options":["ENABLED","DISABLED","NA"]}	Initial value: ENABLED	ACTIVE			
email_button	tracking.analytics_event_name	string	text	{}	Initial value: email_cta_click	ACTIVE			
email_button	accessibility.role	string	dropdown	{"options":["button","article","banner","navigation","main","complementary","region","img","none"]}	Initial value: button	ACTIVE			
email_button	constraints.email_safe	boolean	toggle	{}	Initial value: true	ACTIVE			
email_button	constraints.vml_support	boolean	toggle	{}	Initial value: false	ACTIVE			
email_image	content.src	string	text	{}	Initial value: https://via.placeholder.com/600x200	ACTIVE			
email_image	content.alt	string	text	{}	Initial value: Header Image	ACTIVE			
email_image	typography	NA	text	{}	Initial value: [object Object]	NA			
email_image	color	NA	color	{}	Initial value: [object Object]	NA			
email_image	border.width	string	dimension	{}	Initial value: 0px	ACTIVE			
email_image	border.radius	string	dimension	{}	Initial value: 0px	ACTIVE			
email_image	spacing.padding.top	string	dimension	{}	Initial value: 0	ACTIVE			
email_image	spacing.padding.right	string	dimension	{}	Initial value: 0	ACTIVE			
email_image	spacing.padding.bottom	string	dimension	{}	Initial value: 20px	ACTIVE			
email_image	spacing.padding.left	string	dimension	{}	Initial value: 0	ACTIVE			
email_image	spacing.margin.top	string	dimension	{}	Initial value: 0	ACTIVE			
email_image	spacing.margin.right	string	dimension	{}	Initial value: 0	ACTIVE			
email_image	spacing.margin.bottom	string	dimension	{}	Initial value: 0	ACTIVE			
email_image	spacing.margin.left	string	dimension	{}	Initial value: 0	ACTIVE			
email_image	spacing.gap	string	dimension	{}	Initial value: 0	ACTIVE			
email_image	size.width	string	dimension	{}	Initial value: 100%	ACTIVE			
email_image	size.max_width	string	dimension	{}	Initial value: 600px	ACTIVE			
email_image	size.height	string	dimension	{}	Initial value: auto	ACTIVE			
email_image	layout.display	string	dropdown	{"options":["block","flex","inline-block","none","grid","inline-flex"]}	Initial value: block	ACTIVE			
email_image	layout.align	string	dropdown	{"options":["left","center","right","justify","start","end"]}	Initial value: center	ACTIVE			
email_image	effects	NA	text	{}	Initial value: [object Object]	NA			
email_image	media	NA	text	{}	Initial value: [object Object]	NA			
email_image	interaction.enabled	boolean	toggle	{}	Initial value: true	ACTIVE			
email_image	linking.href	string	color	{}	Initial value: #	ACTIVE			
email_image	data_binding.status	string	dropdown	{"options":["ENABLED","DISABLED","NA"]}	Initial value: ENABLED	ACTIVE			
email_image	tracking.analytics_event_name	string	text	{}	Initial value: email_click	ACTIVE			
email_image	accessibility.role	string	dropdown	{"options":["button","article","banner","navigation","main","complementary","region","img","none"]}	Initial value: img	ACTIVE			
email_image	accessibility.label	string	text	{}	Initial value: Image	ACTIVE			
email_image	constraints.email_safe	boolean	toggle	{}	Initial value: true	ACTIVE			
email_image	constraints.max_width	string	dimension	{}	Initial value: 600px	ACTIVE			
email_social_row	content.networks	object	text	{}	Initial value: [object Object],[object Object],[object Object]	ACTIVE			
email_social_row	typography	NA	text	{}	Initial value: [object Object]	NA			
email_social_row	color	NA	color	{}	Initial value: [object Object]	NA			
email_social_row	border	NA	stepper	{}	Initial value: [object Object]	NA			
email_social_row	spacing.padding.top	string	dimension	{}	Initial value: 20px	ACTIVE			
email_social_row	spacing.padding.right	string	dimension	{}	Initial value: 0	ACTIVE			
email_social_row	spacing.padding.bottom	string	dimension	{}	Initial value: 20px	ACTIVE			
email_social_row	spacing.padding.left	string	dimension	{}	Initial value: 0	ACTIVE			
email_social_row	spacing.margin.top	string	dimension	{}	Initial value: 0	ACTIVE			
email_social_row	spacing.margin.right	string	dimension	{}	Initial value: 0	ACTIVE			
email_social_row	spacing.margin.bottom	string	dimension	{}	Initial value: 0	ACTIVE			
email_social_row	spacing.margin.left	string	dimension	{}	Initial value: 0	ACTIVE			
email_social_row	spacing.gap	string	dimension	{}	Initial value: 12px	ACTIVE			
email_social_row	size.icon_size	string	dimension	{}	Initial value: 24px	ACTIVE			
email_social_row	size.weight	number	slider	{"min":100,"max":900,"step":10}	Initial value: 400	ACTIVE			
email_social_row	size.slant	number	slider	{"min":-10,"max":0,"step":1}	Initial value: 0	ACTIVE			
email_social_row	size.width	number	dimension	{}	Initial value: 100	ACTIVE			
email_social_row	size.letter_spacing	string	slider	{"min":-100,"max":250,"step":1}	Initial value: 0px	ACTIVE			
email_social_row	size.animation.animation_mode	string	dropdown	{"options":["ON_SCROLL","OFF"]}	Initial value: OFF	ACTIVE			
email_social_row	size.animation.animation_style	string	dropdown	{"options":["BREATHE_IN","BREATHE_OUT","LEAN_BACK"]}	Initial value: BREATHE_IN	ACTIVE			
email_social_row	layout.display	string	dropdown	{"options":["block","flex","inline-block","none","grid","inline-flex"]}	Initial value: flex	ACTIVE			
email_social_row	layout.justify	string	dropdown	{"options":["left","center","right","justify","start","end"]}	Initial value: center	ACTIVE			
email_social_row	effects	NA	text	{}	Initial value: [object Object]	NA			
email_social_row	media	NA	text	{}	Initial value: [object Object]	NA			
email_social_row	interaction.enabled	boolean	toggle	{}	Initial value: true	ACTIVE			
email_social_row	linking	NA	text	{}	Initial value: [object Object]	NA			
email_social_row	data_binding.status	string	dropdown	{"options":["ENABLED","DISABLED","NA"]}	Initial value: ENABLED	ACTIVE			
email_social_row	tracking.analytics_event_name	string	text	{}	Initial value: social_click	ACTIVE			
email_social_row	accessibility.role	string	dropdown	{"options":["button","article","banner","navigation","main","complementary","region","img","none"]}	Initial value: group	ACTIVE			
email_social_row	accessibility.label	string	text	{}	Initial value: Social Links	ACTIVE			
email_social_row	constraints.email_safe	boolean	toggle	{}	Initial value: true	ACTIVE			
email_text	content.text	string	text	{}	Initial value: Hello there, this is an email body.	ACTIVE			
email_text	typography.base.family_preset	string	dropdown	{"options":["roboto_flex","serif","sans-serif","monospace"]}	Initial value: arial	ACTIVE			
email_text	typography.base.size	string	dimension	{}	Initial value: 16px	ACTIVE			
email_text	typography.base.weight	number	slider	{"min":100,"max":900,"step":10}	Initial value: 400	ACTIVE			
email_text	typography.base.slant	number	slider	{"min":-10,"max":0,"step":1}	Initial value: 0	ACTIVE			
email_text	typography.base.width	number	dimension	{}	Initial value: 100	ACTIVE			
email_text	typography.base.letter_spacing	string	slider	{"min":-100,"max":250,"step":1}	Initial value: 0px	ACTIVE			
email_text	typography.base.animation.animation_mode	string	dropdown	{"options":["ON_SCROLL","OFF"]}	Initial value: OFF	ACTIVE			
email_text	typography.base.animation.animation_style	string	dropdown	{"options":["BREATHE_IN","BREATHE_OUT","LEAN_BACK"]}	Initial value: BREATHE_IN	ACTIVE			
email_text	typography.base.line_height	string	dimension	{}	Initial value: 1.5	ACTIVE			
email_text	typography.base.color	string	color	{}	Initial value: #333333	ACTIVE			
email_text	color	NA	color	{}	Initial value: [object Object]	NA			
email_text	border	NA	stepper	{}	Initial value: [object Object]	NA			
email_text	spacing.padding.top	string	dimension	{}	Initial value: 0	ACTIVE			
email_text	spacing.padding.right	string	dimension	{}	Initial value: 0	ACTIVE			
email_text	spacing.padding.bottom	string	dimension	{}	Initial value: 0	ACTIVE			
email_text	spacing.padding.left	string	dimension	{}	Initial value: 0	ACTIVE			
email_text	spacing.margin.top	string	dimension	{}	Initial value: 0	ACTIVE			
email_text	spacing.margin.right	string	dimension	{}	Initial value: 0	ACTIVE			
email_text	spacing.margin.bottom	string	dimension	{}	Initial value: 16px	ACTIVE			
email_text	spacing.margin.left	string	dimension	{}	Initial value: 0	ACTIVE			
email_text	spacing.gap	string	dimension	{}	Initial value: 0	ACTIVE			
email_text	size.width	string	dimension	{}	Initial value: 100%	ACTIVE			
email_text	layout.display	string	dropdown	{"options":["block","flex","inline-block","none","grid","inline-flex"]}	Initial value: block	ACTIVE			
email_text	effects	NA	text	{}	Initial value: [object Object]	NA			
email_text	media	NA	text	{}	Initial value: [object Object]	NA			
email_text	interaction.enabled	boolean	toggle	{}	Initial value: false	ACTIVE			
email_text	linking	NA	text	{}	Initial value: [object Object]	NA			
email_text	data_binding.status	string	dropdown	{"options":["ENABLED","DISABLED","NA"]}	Initial value: ENABLED	ACTIVE			
email_text	data_binding.merge_tags	boolean	toggle	{}	Initial value: true	ACTIVE			
email_text	tracking	NA	slider	{"min":-100,"max":250,"step":1}	Initial value: [object Object]	NA			
email_text	accessibility.role	string	dropdown	{"options":["button","article","banner","navigation","main","complementary","region","img","none"]}	Initial value: article	ACTIVE			
email_text	constraints.email_safe	boolean	toggle	{}	Initial value: true	ACTIVE			
email_text	constraints.allowed_fonts	object	text	{}	Initial value: arial,verdana,georgia,times	ACTIVE			
featured_collection_grid	content.title	string	text	{}	Initial value: New Arrivals	ACTIVE			
featured_collection_grid	content.collection_source	string	text	{}	Initial value: frontpage	ACTIVE			
featured_collection_grid	typography.heading.size	string	dimension	{}	Initial value: 32px	ACTIVE			
featured_collection_grid	typography.heading.weight	number	slider	{"min":100,"max":900,"step":10}	Initial value: 700	ACTIVE			
featured_collection_grid	typography.heading.letter_spacing	string	slider	{"min":-100,"max":250,"step":1}	Initial value: 0px	ACTIVE			
featured_collection_grid	typography.heading.width	number	dimension	{}	Initial value: 100	ACTIVE			
featured_collection_grid	typography.heading.slant	number	slider	{"min":-10,"max":0,"step":1}	Initial value: 0	ACTIVE			
featured_collection_grid	typography.heading.animation.animation_mode	string	dropdown	{"options":["ON_SCROLL","OFF"]}	Initial value: OFF	ACTIVE			
featured_collection_grid	typography.heading.animation.animation_style	string	dropdown	{"options":["BREATHE_IN","BREATHE_OUT","LEAN_BACK"]}	Initial value: BREATHE_IN	ACTIVE			
featured_collection_grid	typography.heading.align	string	dropdown	{"options":["left","center","right","justify","start","end"]}	Initial value: center	ACTIVE			
featured_collection_grid	color.background	string	color	{}	Initial value: transparent	ACTIVE			
featured_collection_grid	border	NA	stepper	{}	Initial value: [object Object]	NA			
featured_collection_grid	spacing.padding.top	string	dimension	{}	Initial value: 40px	ACTIVE			
featured_collection_grid	spacing.padding.right	string	dimension	{}	Initial value: 20px	ACTIVE			
featured_collection_grid	spacing.padding.bottom	string	dimension	{}	Initial value: 40px	ACTIVE			
featured_collection_grid	spacing.padding.left	string	dimension	{}	Initial value: 20px	ACTIVE			
featured_collection_grid	spacing.margin.top	string	dimension	{}	Initial value: 0	ACTIVE			
featured_collection_grid	spacing.margin.right	string	dimension	{}	Initial value: 0	ACTIVE			
featured_collection_grid	spacing.margin.bottom	string	dimension	{}	Initial value: 0	ACTIVE			
featured_collection_grid	spacing.margin.left	string	dimension	{}	Initial value: 0	ACTIVE			
featured_collection_grid	spacing.gap	string	dimension	{}	Initial value: 20px	ACTIVE			
featured_collection_grid	size.width	string	dimension	{}	Initial value: 100%	ACTIVE			
featured_collection_grid	layout.display	string	dropdown	{"options":["block","flex","inline-block","none","grid","inline-flex"]}	Initial value: grid	ACTIVE			
featured_collection_grid	layout.grid_template_columns	string	text	{}	Initial value: repeat(auto-fill, minmax(280px, 1fr))	ACTIVE			
featured_collection_grid	layout.gap	string	dimension	{}	Initial value: 20px	ACTIVE			
featured_collection_grid	effects	NA	text	{}	Initial value: [object Object]	NA			
featured_collection_grid	media	NA	text	{}	Initial value: [object Object]	NA			
featured_collection_grid	interaction.enabled	boolean	toggle	{}	Initial value: false	ACTIVE			
featured_collection_grid	linking	NA	text	{}	Initial value: [object Object]	NA			
featured_collection_grid	data_binding.status	string	dropdown	{"options":["ENABLED","DISABLED","NA"]}	Initial value: ENABLED	ACTIVE			
featured_collection_grid	data_binding.source	string	text	{}	Initial value: shopify_collection	ACTIVE			
featured_collection_grid	tracking	NA	slider	{"min":-100,"max":250,"step":1}	Initial value: [object Object]	NA			
featured_collection_grid	accessibility.role	string	dropdown	{"options":["button","article","banner","navigation","main","complementary","region","img","none"]}	Initial value: feed	ACTIVE			
featured_collection_grid	accessibility.label	string	text	{}	Initial value: Collection	ACTIVE			
featured_collection_grid	constraints.allowed_children	object	text	{}	Initial value: featured_product_card	ACTIVE			
featured_product_card	content.product.title	string	text	{}	Initial value: Classic T-Shirt	ACTIVE			
featured_product_card	content.product.price	string	text	{}	Initial value: $29.99	ACTIVE			
featured_product_card	content.product.image_src	string	text	{}	Initial value: https://via.placeholder.com/300x400	ACTIVE			
featured_product_card	content.button_label	string	text	{}	Initial value: Add to Cart	ACTIVE			
featured_product_card	typography.title.size	string	dimension	{}	Initial value: 18px	ACTIVE			
featured_product_card	typography.title.weight	number	slider	{"min":100,"max":900,"step":10}	Initial value: 600	ACTIVE			
featured_product_card	typography.title.letter_spacing	string	slider	{"min":-100,"max":250,"step":1}	Initial value: 0px	ACTIVE			
featured_product_card	typography.title.width	number	dimension	{}	Initial value: 100	ACTIVE			
featured_product_card	typography.title.slant	number	slider	{"min":-10,"max":0,"step":1}	Initial value: 0	ACTIVE			
featured_product_card	typography.title.animation.animation_mode	string	dropdown	{"options":["ON_SCROLL","OFF"]}	Initial value: OFF	ACTIVE			
featured_product_card	typography.title.animation.animation_style	string	dropdown	{"options":["BREATHE_IN","BREATHE_OUT","LEAN_BACK"]}	Initial value: BREATHE_IN	ACTIVE			
featured_product_card	typography.price.size	string	dimension	{}	Initial value: 16px	ACTIVE			
featured_product_card	typography.price.weight	number	slider	{"min":100,"max":900,"step":10}	Initial value: 400	ACTIVE			
featured_product_card	typography.price.letter_spacing	string	slider	{"min":-100,"max":250,"step":1}	Initial value: 0px	ACTIVE			
featured_product_card	typography.price.width	number	dimension	{}	Initial value: 100	ACTIVE			
featured_product_card	typography.price.slant	number	slider	{"min":-10,"max":0,"step":1}	Initial value: 0	ACTIVE			
featured_product_card	typography.price.animation.animation_mode	string	dropdown	{"options":["ON_SCROLL","OFF"]}	Initial value: OFF	ACTIVE			
featured_product_card	typography.price.animation.animation_style	string	dropdown	{"options":["BREATHE_IN","BREATHE_OUT","LEAN_BACK"]}	Initial value: BREATHE_IN	ACTIVE			
featured_product_card	typography.price.color	string	color	{}	Initial value: #666	ACTIVE			
featured_product_card	color.background	string	color	{}	Initial value: #fff	ACTIVE			
featured_product_card	color.border	string	stepper	{}	Initial value: #eee	ACTIVE			
featured_product_card	border.width	string	dimension	{}	Initial value: 1px	ACTIVE			
featured_product_card	border.radius	string	dimension	{}	Initial value: 8px	ACTIVE			
featured_product_card	border.style	string	dropdown	{"options":["normal","italic"]}	Initial value: solid	ACTIVE			
featured_product_card	border.color	string	color	{}	Initial value: current_color	ACTIVE			
featured_product_card	spacing.padding.top	string	dimension	{}	Initial value: 16px	ACTIVE			
featured_product_card	spacing.padding.right	string	dimension	{}	Initial value: 16px	ACTIVE			
featured_product_card	spacing.padding.bottom	string	dimension	{}	Initial value: 16px	ACTIVE			
featured_product_card	spacing.padding.left	string	dimension	{}	Initial value: 16px	ACTIVE			
featured_product_card	spacing.margin.top	string	dimension	{}	Initial value: 0	ACTIVE			
featured_product_card	spacing.margin.right	string	dimension	{}	Initial value: 0	ACTIVE			
featured_product_card	spacing.margin.bottom	string	dimension	{}	Initial value: 0	ACTIVE			
featured_product_card	spacing.margin.left	string	dimension	{}	Initial value: 0	ACTIVE			
featured_product_card	spacing.gap	string	dimension	{}	Initial value: 12px	ACTIVE			
featured_product_card	size.width	string	dimension	{}	Initial value: 100%	ACTIVE			
featured_product_card	size.height	string	dimension	{}	Initial value: auto	ACTIVE			
featured_product_card	layout.display	string	dropdown	{"options":["block","flex","inline-block","none","grid","inline-flex"]}	Initial value: flex	ACTIVE			
featured_product_card	layout.flex_direction	string	text	{}	Initial value: column	ACTIVE			
featured_product_card	effects.shadow	string	text	{}	Initial value: none	ACTIVE			
featured_product_card	effects.hover_shadow	string	text	{}	Initial value: 0 4px 12px rgba(0,0,0,0.1)	ACTIVE			
featured_product_card	media	NA	text	{}	Initial value: [object Object]	NA			
featured_product_card	interaction.enabled	boolean	toggle	{}	Initial value: true	ACTIVE			
featured_product_card	linking.href	string	text	{}	Initial value: /products/classic-t-shirt	ACTIVE			
featured_product_card	data_binding.status	string	dropdown	{"options":["ENABLED","DISABLED","NA"]}	Initial value: ENABLED	ACTIVE			
featured_product_card	data_binding.source	string	text	{}	Initial value: shopify_product	ACTIVE			
featured_product_card	tracking.analytics_event_name	string	text	{}	Initial value: product_click	ACTIVE			
featured_product_card	tracking.conversion_goal_id	string	text	{}	Initial value: add_to_cart	ACTIVE			
featured_product_card	accessibility.role	string	dropdown	{"options":["button","article","banner","navigation","main","complementary","region","img","none"]}	Initial value: article	ACTIVE			
featured_product_card	accessibility.label	string	text	{}	Initial value: Product Card	ACTIVE			
featured_product_card	constraints.allowed_edits	object	text	{}	Initial value: typography,color,border	ACTIVE			
framework_node	content.framework_name.content	string	text	{}	Initial value: Framework Name	ACTIVE			
framework_node	content.framework_name.placeholder	string	text	{}	Initial value: Name	ACTIVE			
framework_node	content.icon.src	string	text	{}	Initial value: mock_asset	ACTIVE			
framework_node	style.background_color	string	color	{}	Initial value: #f8f9fa	ACTIVE			
framework_node	style.border_color	string	color	{}	Initial value: #dee2e6	ACTIVE			
framework_node	style.text_color	string	color	{}	Initial value: #212529	ACTIVE			
heading_block	content.text.content	string	text	{}	Initial value: Headline	ACTIVE			
heading_block	content.text.placeholder	string	text	{}	Initial value: Enter headline	ACTIVE			
heading_block	content.text.transform	string	text	{}	Initial value: none	ACTIVE			
heading_block	content.text.truncation	string	text	{}	Initial value: none	ACTIVE			
heading_block	content.bindings.status	string	dropdown	{"options":["ENABLED","DISABLED","NA"]}	Initial value: ENABLED	ACTIVE			
heading_block	content.merge_tags.status	string	dropdown	{"options":["ENABLED","DISABLED","NA"]}	Initial value: ENABLED	ACTIVE			
heading_block	content.conditional.status	string	dropdown	{"options":["ENABLED","DISABLED","NA"]}	Initial value: ENABLED	ACTIVE			
heading_block	typography.base.family_preset	string	dropdown	{"options":["roboto_flex","serif","sans-serif","monospace"]}	Initial value: roboto_flex	ACTIVE			
heading_block	typography.base.size	string	dimension	{}	Initial value: 32px	ACTIVE			
heading_block	typography.base.weight	number	slider	{"min":100,"max":900,"step":10}	Initial value: 700	ACTIVE			
heading_block	typography.base.letter_spacing	string	slider	{"min":-100,"max":250,"step":1}	Initial value: 0px	ACTIVE			
heading_block	typography.base.width	number	dimension	{}	Initial value: 100	ACTIVE			
heading_block	typography.base.slant	number	slider	{"min":-10,"max":0,"step":1}	Initial value: 0	ACTIVE			
heading_block	typography.base.animation.animation_mode	string	dropdown	{"options":["ON_SCROLL","OFF"]}	Initial value: OFF	ACTIVE			
heading_block	typography.base.animation.animation_style	string	dropdown	{"options":["BREATHE_IN","BREATHE_OUT","LEAN_BACK"]}	Initial value: BREATHE_IN	ACTIVE			
heading_block	typography.base.line_height	string	dimension	{}	Initial value: 1.2	ACTIVE			
heading_block	typography.base.text_align	string	dropdown	{"options":["left","center","right","justify","start","end"]}	Initial value: left	ACTIVE			
heading_block	typography.base.text_decoration	string	dropdown	{"options":["none","underline","line-through"]}	Initial value: none	ACTIVE			
heading_block	typography.mobile.size	string	dimension	{}	Initial value: 24px	ACTIVE			
heading_block	typography.mobile.slant	number	slider	{"min":-10,"max":0,"step":1}	Initial value: 0	ACTIVE			
heading_block	typography.mobile.width	number	dimension	{}	Initial value: 100	ACTIVE			
heading_block	typography.mobile.letter_spacing	string	slider	{"min":-100,"max":250,"step":1}	Initial value: 0px	ACTIVE			
heading_block	typography.mobile.animation.animation_mode	string	dropdown	{"options":["ON_SCROLL","OFF"]}	Initial value: OFF	ACTIVE			
heading_block	typography.mobile.animation.animation_style	string	dropdown	{"options":["BREATHE_IN","BREATHE_OUT","LEAN_BACK"]}	Initial value: BREATHE_IN	ACTIVE			
heading_block	color.text	string	color	{}	Initial value: #000000	ACTIVE			
heading_block	color.background	string	color	{}	Initial value: transparent	ACTIVE			
heading_block	color.border	string	stepper	{}	Initial value: transparent	ACTIVE			
heading_block	color.text_gradient	NA	color	{}	Initial value: [object Object]	NA			
heading_block	border	NA	stepper	{}	Initial value: [object Object]	NA			
heading_block	spacing.padding.top	string	dimension	{}	Initial value: 0px	ACTIVE			
heading_block	spacing.padding.right	string	dimension	{}	Initial value: 0px	ACTIVE			
heading_block	spacing.padding.bottom	string	dimension	{}	Initial value: 16px	ACTIVE			
heading_block	spacing.padding.left	string	dimension	{}	Initial value: 0px	ACTIVE			
heading_block	spacing.margin.top	string	dimension	{}	Initial value: 0px	ACTIVE			
heading_block	spacing.margin.right	string	dimension	{}	Initial value: 0px	ACTIVE			
heading_block	spacing.margin.bottom	string	dimension	{}	Initial value: 0px	ACTIVE			
heading_block	spacing.margin.left	string	dimension	{}	Initial value: 0px	ACTIVE			
heading_block	spacing.gap	string	dimension	{}	Initial value: 0px	ACTIVE			
heading_block	size.width	string	dimension	{}	Initial value: 100%	ACTIVE			
heading_block	size.height	string	dimension	{}	Initial value: auto	ACTIVE			
heading_block	layout.display	string	dropdown	{"options":["block","flex","inline-block","none","grid","inline-flex"]}	Initial value: block	ACTIVE			
heading_block	layout.positioning	string	dropdown	{"options":["relative","absolute","fixed","sticky"]}	Initial value: flow	ACTIVE			
heading_block	effects.opacity	number	slider	{"min":0,"max":1,"step":0.1}	Initial value: 1	ACTIVE			
heading_block	effects.shadow	string	text	{}	Initial value: none	ACTIVE			
heading_block	media	NA	text	{}	Initial value: [object Object]	NA			
heading_block	interaction.enabled	boolean	toggle	{}	Initial value: false	ACTIVE			
heading_block	interaction.cursor	string	text	{}	Initial value: default	ACTIVE			
heading_block	interaction.states	NA	text	{}	Initial value: [object Object]	NA			
heading_block	linking	NA	text	{}	Initial value: [object Object]	NA			
heading_block	data_binding.status	string	dropdown	{"options":["ENABLED","DISABLED","NA"]}	Initial value: ENABLED	ACTIVE			
heading_block	data_binding.source	undefined	text	{}	Initial value: undefined	ACTIVE			
heading_block	data_binding.expr	undefined	text	{}	Initial value: undefined	ACTIVE			
heading_block	data_binding.fallback	string	text	{}	Initial value: Headline	ACTIVE			
heading_block	tracking	NA	slider	{"min":-100,"max":250,"step":1}	Initial value: [object Object]	NA			
heading_block	accessibility.role	string	dropdown	{"options":["button","article","banner","navigation","main","complementary","region","img","none"]}	Initial value: heading	ACTIVE			
heading_block	accessibility.level	number	stepper	{}	Initial value: 1	ACTIVE			
heading_block	accessibility.label	string	text	{}	Initial value: Headline	ACTIVE			
heading_block	constraints.allowed_edits	object	text	{}	Initial value: content,typography,color,spacing	ACTIVE			
heading_block	constraints.email_safe	boolean	toggle	{}	Initial value: true	ACTIVE			
hero_image_banner	content.text.title	string	text	{}	Initial value: Welcome	ACTIVE			
hero_image_banner	content.text.subtitle	string	text	{}	Initial value: Start your journey	ACTIVE			
hero_image_banner	content.text.button_label	string	text	{}	Initial value: Shop Now	ACTIVE			
hero_image_banner	content.image.src	string	text	{}	Initial value: https://via.placeholder.com/1200x600	ACTIVE			
hero_image_banner	content.image.alt	string	text	{}	Initial value: Hero Banner	ACTIVE			
hero_image_banner	typography.title.family_preset	string	dropdown	{"options":["roboto_flex","serif","sans-serif","monospace"]}	Initial value: roboto_flex	ACTIVE			
hero_image_banner	typography.title.size	string	dimension	{}	Initial value: 48px	ACTIVE			
hero_image_banner	typography.title.weight	number	slider	{"min":100,"max":900,"step":10}	Initial value: 700	ACTIVE			
hero_image_banner	typography.title.letter_spacing	string	slider	{"min":-100,"max":250,"step":1}	Initial value: 0px	ACTIVE			
hero_image_banner	typography.title.width	number	dimension	{}	Initial value: 100	ACTIVE			
hero_image_banner	typography.title.slant	number	slider	{"min":-10,"max":0,"step":1}	Initial value: 0	ACTIVE			
hero_image_banner	typography.title.animation.animation_mode	string	dropdown	{"options":["ON_SCROLL","OFF"]}	Initial value: OFF	ACTIVE			
hero_image_banner	typography.title.animation.animation_style	string	dropdown	{"options":["BREATHE_IN","BREATHE_OUT","LEAN_BACK"]}	Initial value: BREATHE_IN	ACTIVE			
hero_image_banner	typography.subtitle.family_preset	string	dropdown	{"options":["roboto_flex","serif","sans-serif","monospace"]}	Initial value: roboto_flex	ACTIVE			
hero_image_banner	typography.subtitle.size	string	dimension	{}	Initial value: 20px	ACTIVE			
hero_image_banner	typography.subtitle.weight	number	slider	{"min":100,"max":900,"step":10}	Initial value: 400	ACTIVE			
hero_image_banner	typography.subtitle.letter_spacing	string	slider	{"min":-100,"max":250,"step":1}	Initial value: 0px	ACTIVE			
hero_image_banner	typography.subtitle.width	number	dimension	{}	Initial value: 100	ACTIVE			
hero_image_banner	typography.subtitle.slant	number	slider	{"min":-10,"max":0,"step":1}	Initial value: 0	ACTIVE			
hero_image_banner	typography.subtitle.animation.animation_mode	string	dropdown	{"options":["ON_SCROLL","OFF"]}	Initial value: OFF	ACTIVE			
hero_image_banner	typography.subtitle.animation.animation_style	string	dropdown	{"options":["BREATHE_IN","BREATHE_OUT","LEAN_BACK"]}	Initial value: BREATHE_IN	ACTIVE			
hero_image_banner	color.text	string	color	{}	Initial value: #ffffff	ACTIVE			
hero_image_banner	color.background	string	color	{}	Initial value: #000000	ACTIVE			
hero_image_banner	color.overlay_opacity	number	slider	{"min":0,"max":1,"step":0.1}	Initial value: 0.3	ACTIVE			
hero_image_banner	border	NA	stepper	{}	Initial value: [object Object]	NA			
hero_image_banner	spacing.padding.top	string	dimension	{}	Initial value: 80px	ACTIVE			
hero_image_banner	spacing.padding.right	string	dimension	{}	Initial value: 40px	ACTIVE			
hero_image_banner	spacing.padding.bottom	string	dimension	{}	Initial value: 80px	ACTIVE			
hero_image_banner	spacing.padding.left	string	dimension	{}	Initial value: 40px	ACTIVE			
hero_image_banner	spacing.margin.top	string	dimension	{}	Initial value: 0px	ACTIVE			
hero_image_banner	spacing.margin.right	string	dimension	{}	Initial value: 0px	ACTIVE			
hero_image_banner	spacing.margin.bottom	string	dimension	{}	Initial value: 0px	ACTIVE			
hero_image_banner	spacing.margin.left	string	dimension	{}	Initial value: 0px	ACTIVE			
hero_image_banner	spacing.gap	string	dimension	{}	Initial value: 24px	ACTIVE			
hero_image_banner	size.width	string	dimension	{}	Initial value: 100%	ACTIVE			
hero_image_banner	size.height	string	dimension	{}	Initial value: 600px	ACTIVE			
hero_image_banner	layout.display	string	dropdown	{"options":["block","flex","inline-block","none","grid","inline-flex"]}	Initial value: flex	ACTIVE			
hero_image_banner	layout.flex_direction	string	text	{}	Initial value: column	ACTIVE			
hero_image_banner	layout.align_items	string	dropdown	{"options":["left","center","right","justify","start","end"]}	Initial value: center	ACTIVE			
hero_image_banner	layout.justify_content	string	dropdown	{"options":["left","center","right","justify","start","end"]}	Initial value: center	ACTIVE			
hero_image_banner	effects	NA	text	{}	Initial value: [object Object]	NA			
hero_image_banner	media	NA	text	{}	Initial value: [object Object]	NA			
hero_image_banner	interaction.enabled	boolean	toggle	{}	Initial value: true	ACTIVE			
hero_image_banner	linking.href	string	color	{}	Initial value: #	ACTIVE			
hero_image_banner	data_binding.status	string	dropdown	{"options":["ENABLED","DISABLED","NA"]}	Initial value: ENABLED	ACTIVE			
hero_image_banner	tracking.analytics_event_name	string	text	{}	Initial value: hero_click	ACTIVE			
hero_image_banner	tracking.conversion_goal_id	string	text	{}	Initial value: view_hero	ACTIVE			
hero_image_banner	accessibility.role	string	dropdown	{"options":["button","article","banner","navigation","main","complementary","region","img","none"]}	Initial value: banner	ACTIVE			
hero_image_banner	accessibility.label	string	text	{}	Initial value: Hero	ACTIVE			
hero_image_banner	constraints.allowed_edits	object	text	{}	Initial value: content,color,spacing,typography	ACTIVE			
image_with_text	content.text.title	string	text	{}	Initial value: Feature Highlight	ACTIVE			
image_with_text	content.text.body	string	text	{}	Initial value: Descriptive text goes here.	ACTIVE			
image_with_text	content.image.src	string	text	{}	Initial value: https://via.placeholder.com/600x400	ACTIVE			
image_with_text	content.image.alt	string	text	{}	Initial value: Feature	ACTIVE			
image_with_text	typography.title.size	string	dimension	{}	Initial value: 24px	ACTIVE			
image_with_text	typography.title.weight	number	slider	{"min":100,"max":900,"step":10}	Initial value: 600	ACTIVE			
image_with_text	typography.title.letter_spacing	string	slider	{"min":-100,"max":250,"step":1}	Initial value: 0px	ACTIVE			
image_with_text	typography.title.width	number	dimension	{}	Initial value: 100	ACTIVE			
image_with_text	typography.title.slant	number	slider	{"min":-10,"max":0,"step":1}	Initial value: 0	ACTIVE			
image_with_text	typography.title.animation.animation_mode	string	dropdown	{"options":["ON_SCROLL","OFF"]}	Initial value: OFF	ACTIVE			
image_with_text	typography.title.animation.animation_style	string	dropdown	{"options":["BREATHE_IN","BREATHE_OUT","LEAN_BACK"]}	Initial value: BREATHE_IN	ACTIVE			
image_with_text	typography.body.size	string	dimension	{}	Initial value: 16px	ACTIVE			
image_with_text	typography.body.weight	number	slider	{"min":100,"max":900,"step":10}	Initial value: 400	ACTIVE			
image_with_text	typography.body.letter_spacing	string	slider	{"min":-100,"max":250,"step":1}	Initial value: 0px	ACTIVE			
image_with_text	typography.body.width	number	dimension	{}	Initial value: 100	ACTIVE			
image_with_text	typography.body.slant	number	slider	{"min":-10,"max":0,"step":1}	Initial value: 0	ACTIVE			
image_with_text	typography.body.animation.animation_mode	string	dropdown	{"options":["ON_SCROLL","OFF"]}	Initial value: OFF	ACTIVE			
image_with_text	typography.body.animation.animation_style	string	dropdown	{"options":["BREATHE_IN","BREATHE_OUT","LEAN_BACK"]}	Initial value: BREATHE_IN	ACTIVE			
image_with_text	typography.body.line_height	string	dimension	{}	Initial value: 1.5	ACTIVE			
image_with_text	color.background	string	color	{}	Initial value: #f8f8f8	ACTIVE			
image_with_text	color.text	string	color	{}	Initial value: #222	ACTIVE			
image_with_text	color.image_bg	string	color	{}	Initial value: #ddd	ACTIVE			
image_with_text	border	NA	stepper	{}	Initial value: [object Object]	NA			
image_with_text	spacing.padding.top	string	dimension	{}	Initial value: 0	ACTIVE			
image_with_text	spacing.padding.right	string	dimension	{}	Initial value: 0	ACTIVE			
image_with_text	spacing.padding.bottom	string	dimension	{}	Initial value: 0	ACTIVE			
image_with_text	spacing.padding.left	string	dimension	{}	Initial value: 0	ACTIVE			
image_with_text	spacing.margin.top	string	dimension	{}	Initial value: 0	ACTIVE			
image_with_text	spacing.margin.right	string	dimension	{}	Initial value: 0	ACTIVE			
image_with_text	spacing.margin.bottom	string	dimension	{}	Initial value: 20px	ACTIVE			
image_with_text	spacing.margin.left	string	dimension	{}	Initial value: 0	ACTIVE			
image_with_text	spacing.gap	string	dimension	{}	Initial value: 40px	ACTIVE			
image_with_text	size.width	string	dimension	{}	Initial value: 100%	ACTIVE			
image_with_text	size.height	string	dimension	{}	Initial value: auto	ACTIVE			
image_with_text	layout.display	string	dropdown	{"options":["block","flex","inline-block","none","grid","inline-flex"]}	Initial value: flex	ACTIVE			
image_with_text	layout.flex_direction	string	text	{}	Initial value: row	ACTIVE			
image_with_text	layout.align_items	string	dropdown	{"options":["left","center","right","justify","start","end"]}	Initial value: center	ACTIVE			
image_with_text	layout.stack_on_mobile	boolean	toggle	{}	Initial value: true	ACTIVE			
image_with_text	effects	NA	text	{}	Initial value: [object Object]	NA			
image_with_text	media	NA	text	{}	Initial value: [object Object]	NA			
image_with_text	interaction.enabled	boolean	toggle	{}	Initial value: false	ACTIVE			
image_with_text	linking	NA	text	{}	Initial value: [object Object]	NA			
image_with_text	data_binding.status	string	dropdown	{"options":["ENABLED","DISABLED","NA"]}	Initial value: ENABLED	ACTIVE			
image_with_text	tracking	NA	slider	{"min":-100,"max":250,"step":1}	Initial value: [object Object]	NA			
image_with_text	accessibility.role	string	dropdown	{"options":["button","article","banner","navigation","main","complementary","region","img","none"]}	Initial value: group	ACTIVE			
image_with_text	accessibility.label	string	text	{}	Initial value: Feature	ACTIVE			
image_with_text	constraints.allowed_edits	object	text	{}	Initial value: content,layout,typography	ACTIVE			
lens_header_node	content.title_text.content	string	text	{}	Initial value: LENS TITLE	ACTIVE			
lens_header_node	content.title_text.placeholder	string	text	{}	Initial value: LENS TITLE	ACTIVE			
lens_header_node	content.subtitle_text.content	string	text	{}	Initial value: Description of this lens	ACTIVE			
lens_header_node	content.subtitle_text.placeholder	string	text	{}	Initial value: Description	ACTIVE			
lens_header_node	style.text_color	string	color	{}	Initial value: #888888	ACTIVE			
lens_header_node	style.line_color	string	color	{}	Initial value: #eeeeee	ACTIVE			
nav_bar	content.links	object	text	{}	Initial value: [object Object],[object Object]	ACTIVE			
nav_bar	typography.base.family_preset	string	dropdown	{"options":["roboto_flex","serif","sans-serif","monospace"]}	Initial value: roboto_flex	ACTIVE			
nav_bar	typography.base.size	string	dimension	{}	Initial value: 14px	ACTIVE			
nav_bar	typography.base.weight	number	slider	{"min":100,"max":900,"step":10}	Initial value: 500	ACTIVE			
nav_bar	typography.base.letter_spacing	string	slider	{"min":-100,"max":250,"step":1}	Initial value: 0px	ACTIVE			
nav_bar	typography.base.width	number	dimension	{}	Initial value: 100	ACTIVE			
nav_bar	typography.base.slant	number	slider	{"min":-10,"max":0,"step":1}	Initial value: 0	ACTIVE			
nav_bar	typography.base.animation.animation_mode	string	dropdown	{"options":["ON_SCROLL","OFF"]}	Initial value: OFF	ACTIVE			
nav_bar	typography.base.animation.animation_style	string	dropdown	{"options":["BREATHE_IN","BREATHE_OUT","LEAN_BACK"]}	Initial value: BREATHE_IN	ACTIVE			
nav_bar	color.background	string	color	{}	Initial value: #ffffff	ACTIVE			
nav_bar	color.text	string	color	{}	Initial value: #000000	ACTIVE			
nav_bar	color.border	string	stepper	{}	Initial value: #e5e5e5	ACTIVE			
nav_bar	border.width	string	dimension	{}	Initial value: 1px	ACTIVE			
nav_bar	border.style	string	dropdown	{"options":["normal","italic"]}	Initial value: solid	ACTIVE			
nav_bar	border.color	string	color	{}	Initial value: current_color	ACTIVE			
nav_bar	spacing.padding.top	string	dimension	{}	Initial value: 16px	ACTIVE			
nav_bar	spacing.padding.right	string	dimension	{}	Initial value: 20px	ACTIVE			
nav_bar	spacing.padding.bottom	string	dimension	{}	Initial value: 16px	ACTIVE			
nav_bar	spacing.padding.left	string	dimension	{}	Initial value: 20px	ACTIVE			
nav_bar	spacing.margin.top	string	dimension	{}	Initial value: 0px	ACTIVE			
nav_bar	spacing.margin.right	string	dimension	{}	Initial value: 0px	ACTIVE			
nav_bar	spacing.margin.bottom	string	dimension	{}	Initial value: 0px	ACTIVE			
nav_bar	spacing.margin.left	string	dimension	{}	Initial value: 0px	ACTIVE			
nav_bar	spacing.gap	string	dimension	{}	Initial value: 24px	ACTIVE			
nav_bar	size.width	string	dimension	{}	Initial value: 100%	ACTIVE			
nav_bar	size.height	string	dimension	{}	Initial value: auto	ACTIVE			
nav_bar	layout.display	string	dropdown	{"options":["block","flex","inline-block","none","grid","inline-flex"]}	Initial value: flex	ACTIVE			
nav_bar	layout.justify_content	string	dropdown	{"options":["left","center","right","justify","start","end"]}	Initial value: space-between	ACTIVE			
nav_bar	layout.align_items	string	dropdown	{"options":["left","center","right","justify","start","end"]}	Initial value: center	ACTIVE			
nav_bar	effects.shadow	string	text	{}	Initial value: 0 2px 4px rgba(0,0,0,0.05)	ACTIVE			
nav_bar	media.logo_url	string	text	{}	Initial value: 	ACTIVE			
nav_bar	interaction.enabled	boolean	toggle	{}	Initial value: true	ACTIVE			
nav_bar	linking	NA	text	{}	Initial value: [object Object]	NA			
nav_bar	data_binding.status	string	dropdown	{"options":["ENABLED","DISABLED","NA"]}	Initial value: ENABLED	ACTIVE			
nav_bar	tracking	NA	slider	{"min":-100,"max":250,"step":1}	Initial value: [object Object]	NA			
nav_bar	accessibility.role	string	dropdown	{"options":["button","article","banner","navigation","main","complementary","region","img","none"]}	Initial value: navigation	ACTIVE			
nav_bar	accessibility.label	string	text	{}	Initial value: Main Menu	ACTIVE			
nav_bar	constraints.allowed_edits	object	text	{}	Initial value: content,color,typography	ACTIVE			
quote_block	content.quote	string	text	{}	Initial value: The best way to predict the future is to create it.	ACTIVE			
quote_block	content.author	string	text	{}	Initial value: Peter Drucker	ACTIVE			
quote_block	typography.quote.size	string	dimension	{}	Initial value: 24px	ACTIVE			
quote_block	typography.quote.weight	number	slider	{"min":100,"max":900,"step":10}	Initial value: 400	ACTIVE			
quote_block	typography.quote.letter_spacing	string	slider	{"min":-100,"max":250,"step":1}	Initial value: 0px	ACTIVE			
quote_block	typography.quote.width	number	dimension	{}	Initial value: 100	ACTIVE			
quote_block	typography.quote.slant	number	slider	{"min":-10,"max":0,"step":1}	Initial value: 0	ACTIVE			
quote_block	typography.quote.animation.animation_mode	string	dropdown	{"options":["ON_SCROLL","OFF"]}	Initial value: OFF	ACTIVE			
quote_block	typography.quote.animation.animation_style	string	dropdown	{"options":["BREATHE_IN","BREATHE_OUT","LEAN_BACK"]}	Initial value: BREATHE_IN	ACTIVE			
quote_block	typography.quote.style	string	dropdown	{"options":["normal","italic"]}	Initial value: italic	ACTIVE			
quote_block	typography.author.size	string	dimension	{}	Initial value: 16px	ACTIVE			
quote_block	typography.author.weight	number	slider	{"min":100,"max":900,"step":10}	Initial value: 600	ACTIVE			
quote_block	typography.author.letter_spacing	string	slider	{"min":-100,"max":250,"step":1}	Initial value: 0px	ACTIVE			
quote_block	typography.author.width	number	dimension	{}	Initial value: 100	ACTIVE			
quote_block	typography.author.slant	number	slider	{"min":-10,"max":0,"step":1}	Initial value: 0	ACTIVE			
quote_block	typography.author.animation.animation_mode	string	dropdown	{"options":["ON_SCROLL","OFF"]}	Initial value: OFF	ACTIVE			
quote_block	typography.author.animation.animation_style	string	dropdown	{"options":["BREATHE_IN","BREATHE_OUT","LEAN_BACK"]}	Initial value: BREATHE_IN	ACTIVE			
quote_block	typography.author.color	string	color	{}	Initial value: #666	ACTIVE			
quote_block	color.border_left	string	dimension	{}	Initial value: #000000	ACTIVE			
quote_block	color.background	string	color	{}	Initial value: #transparent	ACTIVE			
quote_block	color.text	string	color	{}	Initial value: #222222	ACTIVE			
quote_block	border.width	string	dimension	{}	Initial value: 4px	ACTIVE			
quote_block	spacing.padding.top	string	dimension	{}	Initial value: 10px	ACTIVE			
quote_block	spacing.padding.right	string	dimension	{}	Initial value: 0	ACTIVE			
quote_block	spacing.padding.bottom	string	dimension	{}	Initial value: 10px	ACTIVE			
quote_block	spacing.padding.left	string	dimension	{}	Initial value: 20px	ACTIVE			
quote_block	spacing.margin.top	string	dimension	{}	Initial value: 20px	ACTIVE			
quote_block	spacing.margin.bottom	string	dimension	{}	Initial value: 20px	ACTIVE			
quote_block	size.width	string	dimension	{}	Initial value: 100%	ACTIVE			
quote_block	layout	NA	text	{}	Initial value: [object Object]	NA			
quote_block	effects	NA	text	{}	Initial value: [object Object]	NA			
quote_block	media	NA	text	{}	Initial value: [object Object]	NA			
quote_block	interaction	NA	text	{}	Initial value: [object Object]	NA			
quote_block	linking	NA	text	{}	Initial value: [object Object]	NA			
quote_block	data_binding.status	string	dropdown	{"options":["ENABLED","DISABLED","NA"]}	Initial value: ENABLED	ACTIVE			
quote_block	tracking	NA	slider	{"min":-100,"max":250,"step":1}	Initial value: [object Object]	NA			
quote_block	accessibility.role	string	dropdown	{"options":["button","article","banner","navigation","main","complementary","region","img","none"]}	Initial value: blockquote	ACTIVE			
quote_block	constraints	NA	text	{}	Initial value: [object Object]	NA			
rich_text_block	content.html	string	text	{}	Initial value: <p>Start typing...</p>	ACTIVE			
rich_text_block	typography.base.family_preset	string	dropdown	{"options":["roboto_flex","serif","sans-serif","monospace"]}	Initial value: roboto_flex	ACTIVE			
rich_text_block	typography.base.size	string	dimension	{}	Initial value: 16px	ACTIVE			
rich_text_block	typography.base.weight	number	slider	{"min":100,"max":900,"step":10}	Initial value: 400	ACTIVE			
rich_text_block	typography.base.slant	number	slider	{"min":-10,"max":0,"step":1}	Initial value: 0	ACTIVE			
rich_text_block	typography.base.width	number	dimension	{}	Initial value: 100	ACTIVE			
rich_text_block	typography.base.letter_spacing	string	slider	{"min":-100,"max":250,"step":1}	Initial value: 0px	ACTIVE			
rich_text_block	typography.base.animation.animation_mode	string	dropdown	{"options":["ON_SCROLL","OFF"]}	Initial value: OFF	ACTIVE			
rich_text_block	typography.base.animation.animation_style	string	dropdown	{"options":["BREATHE_IN","BREATHE_OUT","LEAN_BACK"]}	Initial value: BREATHE_IN	ACTIVE			
rich_text_block	typography.base.line_height	string	dimension	{}	Initial value: 1.6	ACTIVE			
rich_text_block	typography.base.color	string	color	{}	Initial value: #333	ACTIVE			
rich_text_block	color	NA	color	{}	Initial value: [object Object]	NA			
rich_text_block	border	NA	stepper	{}	Initial value: [object Object]	NA			
rich_text_block	spacing.padding.top	string	dimension	{}	Initial value: 0	ACTIVE			
rich_text_block	spacing.padding.right	string	dimension	{}	Initial value: 0	ACTIVE			
rich_text_block	spacing.padding.bottom	string	dimension	{}	Initial value: 0	ACTIVE			
rich_text_block	spacing.padding.left	string	dimension	{}	Initial value: 0	ACTIVE			
rich_text_block	spacing.margin.top	string	dimension	{}	Initial value: 0	ACTIVE			
rich_text_block	spacing.margin.right	string	dimension	{}	Initial value: 0	ACTIVE			
rich_text_block	spacing.margin.bottom	string	dimension	{}	Initial value: 16px	ACTIVE			
rich_text_block	spacing.margin.left	string	dimension	{}	Initial value: 0	ACTIVE			
rich_text_block	spacing.gap	string	dimension	{}	Initial value: 0	ACTIVE			
rich_text_block	size.width	string	dimension	{}	Initial value: 100%	ACTIVE			
rich_text_block	size.height	string	dimension	{}	Initial value: auto	ACTIVE			
rich_text_block	layout.display	string	dropdown	{"options":["block","flex","inline-block","none","grid","inline-flex"]}	Initial value: block	ACTIVE			
rich_text_block	effects	NA	text	{}	Initial value: [object Object]	NA			
rich_text_block	media	NA	text	{}	Initial value: [object Object]	NA			
rich_text_block	interaction.enabled	boolean	toggle	{}	Initial value: false	ACTIVE			
rich_text_block	linking	NA	text	{}	Initial value: [object Object]	NA			
rich_text_block	data_binding.status	string	dropdown	{"options":["ENABLED","DISABLED","NA"]}	Initial value: ENABLED	ACTIVE			
rich_text_block	tracking	NA	slider	{"min":-100,"max":250,"step":1}	Initial value: [object Object]	NA			
rich_text_block	accessibility.role	string	dropdown	{"options":["button","article","banner","navigation","main","complementary","region","img","none"]}	Initial value: article	ACTIVE			
rich_text_block	constraints.allowed_edits	object	text	{}	Initial value: content,typography	ACTIVE			
section_container	content	NA	text	{}	Initial value: [object Object]	NA			
section_container	typography	NA	text	{}	Initial value: [object Object]	NA			
section_container	color.background	string	color	{}	Initial value: transparent	ACTIVE			
section_container	color.text	string	color	{}	Initial value: inherit	ACTIVE			
section_container	color.border	string	stepper	{}	Initial value: transparent	ACTIVE			
section_container	border.width	string	dimension	{}	Initial value: 0px	ACTIVE			
section_container	border.radius	string	dimension	{}	Initial value: 0px	ACTIVE			
section_container	border.style	string	dropdown	{"options":["normal","italic"]}	Initial value: none	ACTIVE			
section_container	border.color	string	color	{}	Initial value: transparent	ACTIVE			
section_container	spacing.padding.top	string	dimension	{}	Initial value: 40px	ACTIVE			
section_container	spacing.padding.right	string	dimension	{}	Initial value: 20px	ACTIVE			
section_container	spacing.padding.bottom	string	dimension	{}	Initial value: 40px	ACTIVE			
section_container	spacing.padding.left	string	dimension	{}	Initial value: 20px	ACTIVE			
section_container	spacing.margin.top	string	dimension	{}	Initial value: 0px	ACTIVE			
section_container	spacing.margin.right	string	dimension	{}	Initial value: 0px	ACTIVE			
section_container	spacing.margin.bottom	string	dimension	{}	Initial value: 0px	ACTIVE			
section_container	spacing.margin.left	string	dimension	{}	Initial value: 0px	ACTIVE			
section_container	spacing.gap	string	dimension	{}	Initial value: 20px	ACTIVE			
section_container	size.width	string	dimension	{}	Initial value: 100%	ACTIVE			
section_container	size.height	string	dimension	{}	Initial value: auto	ACTIVE			
section_container	size.max_width	string	dimension	{}	Initial value: 1200px	ACTIVE			
section_container	layout.display	string	dropdown	{"options":["block","flex","inline-block","none","grid","inline-flex"]}	Initial value: flex	ACTIVE			
section_container	layout.flex_direction	string	text	{}	Initial value: column	ACTIVE			
section_container	layout.align_items	string	dropdown	{"options":["left","center","right","justify","start","end"]}	Initial value: stretch	ACTIVE			
section_container	layout.justify_content	string	dropdown	{"options":["left","center","right","justify","start","end"]}	Initial value: flex-start	ACTIVE			
section_container	effects.opacity	number	slider	{"min":0,"max":1,"step":0.1}	Initial value: 1	ACTIVE			
section_container	effects.shadow	string	text	{}	Initial value: none	ACTIVE			
section_container	media	NA	text	{}	Initial value: [object Object]	NA			
section_container	interaction.enabled	boolean	toggle	{}	Initial value: false	ACTIVE			
section_container	linking	NA	text	{}	Initial value: [object Object]	NA			
section_container	data_binding.status	string	dropdown	{"options":["ENABLED","DISABLED","NA"]}	Initial value: ENABLED	ACTIVE			
section_container	tracking	NA	slider	{"min":-100,"max":250,"step":1}	Initial value: [object Object]	NA			
section_container	accessibility.role	string	dropdown	{"options":["button","article","banner","navigation","main","complementary","region","img","none"]}	Initial value: region	ACTIVE			
section_container	accessibility.label	string	text	{}	Initial value: Section	ACTIVE			
section_container	constraints.allowed_children	object	text	{}	Initial value: columns_grid,rich_text_block,hero_image_banner,image_with_text	ACTIVE			
section_container	constraints.allowed_edits	object	text	{}	Initial value: spacing,color	ACTIVE			
section_hero_banner	content.heading	string	text	{}	Initial value: Big Spring Sale	ACTIVE			
section_hero_banner	content.subheading	string	text	{}	Initial value: Up to 50% off everything.	ACTIVE			
section_hero_banner	content.cta_text	string	text	{}	Initial value: Shop Now	ACTIVE			
section_hero_banner	content.background_image	string	color	{}	Initial value: https://via.placeholder.com/1600x900	ACTIVE			
section_hero_banner	typography.heading.size	string	dimension	{}	Initial value: 48px	ACTIVE			
section_hero_banner	typography.heading.weight	number	slider	{"min":100,"max":900,"step":10}	Initial value: 800	ACTIVE			
section_hero_banner	typography.heading.color	string	color	{}	Initial value: #ffffff	ACTIVE			
section_hero_banner	typography.heading.slant	number	slider	{"min":-10,"max":0,"step":1}	Initial value: 0	ACTIVE			
section_hero_banner	typography.heading.width	number	dimension	{}	Initial value: 100	ACTIVE			
section_hero_banner	typography.heading.letter_spacing	string	slider	{"min":-100,"max":250,"step":1}	Initial value: 0px	ACTIVE			
section_hero_banner	typography.heading.animation.animation_mode	string	dropdown	{"options":["ON_SCROLL","OFF"]}	Initial value: OFF	ACTIVE			
section_hero_banner	typography.heading.animation.animation_style	string	dropdown	{"options":["BREATHE_IN","BREATHE_OUT","LEAN_BACK"]}	Initial value: BREATHE_IN	ACTIVE			
section_hero_banner	typography.subheading.size	string	dimension	{}	Initial value: 20px	ACTIVE			
section_hero_banner	typography.subheading.weight	number	slider	{"min":100,"max":900,"step":10}	Initial value: 400	ACTIVE			
section_hero_banner	typography.subheading.color	string	color	{}	Initial value: #f0f0f0	ACTIVE			
section_hero_banner	typography.subheading.slant	number	slider	{"min":-10,"max":0,"step":1}	Initial value: 0	ACTIVE			
section_hero_banner	typography.subheading.width	number	dimension	{}	Initial value: 100	ACTIVE			
section_hero_banner	typography.subheading.letter_spacing	string	slider	{"min":-100,"max":250,"step":1}	Initial value: 0px	ACTIVE			
section_hero_banner	typography.subheading.animation.animation_mode	string	dropdown	{"options":["ON_SCROLL","OFF"]}	Initial value: OFF	ACTIVE			
section_hero_banner	typography.subheading.animation.animation_style	string	dropdown	{"options":["BREATHE_IN","BREATHE_OUT","LEAN_BACK"]}	Initial value: BREATHE_IN	ACTIVE			
section_hero_banner	color.overlay	string	color	{}	Initial value: rgba(0,0,0,0.4)	ACTIVE			
section_hero_banner	color.button_bg	string	color	{}	Initial value: #ffffff	ACTIVE			
section_hero_banner	color.button_text	string	color	{}	Initial value: #000000	ACTIVE			
section_hero_banner	border	NA	stepper	{}	Initial value: [object Object]	NA			
section_hero_banner	spacing.padding.top	string	dimension	{}	Initial value: 100px	ACTIVE			
section_hero_banner	spacing.padding.right	string	dimension	{}	Initial value: 20px	ACTIVE			
section_hero_banner	spacing.padding.bottom	string	dimension	{}	Initial value: 100px	ACTIVE			
section_hero_banner	spacing.padding.left	string	dimension	{}	Initial value: 20px	ACTIVE			
section_hero_banner	spacing.margin	NA	dimension	{}	Initial value: [object Object]	NA			
section_hero_banner	spacing.gap	string	dimension	{}	Initial value: 24px	ACTIVE			
section_hero_banner	size.height	string	dimension	{}	Initial value: 600px	ACTIVE			
section_hero_banner	size.width	string	dimension	{}	Initial value: 100%	ACTIVE			
section_hero_banner	layout.align	string	dropdown	{"options":["left","center","right","justify","start","end"]}	Initial value: center	ACTIVE			
section_hero_banner	layout.justify	string	dropdown	{"options":["left","center","right","justify","start","end"]}	Initial value: center	ACTIVE			
section_hero_banner	effects	NA	text	{}	Initial value: [object Object]	NA			
section_hero_banner	media	NA	text	{}	Initial value: [object Object]	NA			
section_hero_banner	interaction.enabled	boolean	toggle	{}	Initial value: true	ACTIVE			
section_hero_banner	linking.cta_url	string	color	{}	Initial value: #	ACTIVE			
section_hero_banner	data_binding.status	string	dropdown	{"options":["ENABLED","DISABLED","NA"]}	Initial value: ENABLED	ACTIVE			
section_hero_banner	tracking.analytics_event_name	string	text	{}	Initial value: hero_click	ACTIVE			
section_hero_banner	accessibility.role	string	dropdown	{"options":["button","article","banner","navigation","main","complementary","region","img","none"]}	Initial value: banner	ACTIVE			
section_hero_banner	constraints.allowed_blocks	object	text	{}	Initial value: 	ACTIVE			
spacer	content	NA	text	{}	Initial value: [object Object]	NA			
spacer	typography	NA	text	{}	Initial value: [object Object]	NA			
spacer	color	NA	color	{}	Initial value: [object Object]	NA			
spacer	border	NA	stepper	{}	Initial value: [object Object]	NA			
spacer	spacing	NA	text	{}	Initial value: [object Object]	NA			
spacer	size.height	string	dimension	{}	Initial value: 20px	ACTIVE			
spacer	size.width	string	dimension	{}	Initial value: 100%	ACTIVE			
spacer	layout.display	string	dropdown	{"options":["block","flex","inline-block","none","grid","inline-flex"]}	Initial value: block	ACTIVE			
spacer	effects	NA	text	{}	Initial value: [object Object]	NA			
spacer	media	NA	text	{}	Initial value: [object Object]	NA			
spacer	interaction.enabled	boolean	toggle	{}	Initial value: false	ACTIVE			
spacer	linking	NA	text	{}	Initial value: [object Object]	NA			
spacer	data_binding	NA	text	{}	Initial value: [object Object]	NA			
spacer	tracking	NA	slider	{"min":-100,"max":250,"step":1}	Initial value: [object Object]	NA			
spacer	accessibility.role	string	dropdown	{"options":["button","article","banner","navigation","main","complementary","region","img","none"]}	Initial value: presentation	ACTIVE			
spacer	constraints.allowed_edits	object	text	{}	Initial value: size	ACTIVE			
video_block	content	NA	text	{}	Initial value: [object Object]	NA			
video_block	typography	NA	text	{}	Initial value: [object Object]	NA			
video_block	color	NA	color	{}	Initial value: [object Object]	NA			
video_block	border.width	string	dimension	{}	Initial value: 0px	ACTIVE			
video_block	border.radius	string	dimension	{}	Initial value: 8px	ACTIVE			
video_block	spacing.padding.top	string	dimension	{}	Initial value: 0	ACTIVE			
video_block	spacing.padding.right	string	dimension	{}	Initial value: 0	ACTIVE			
video_block	spacing.padding.bottom	string	dimension	{}	Initial value: 0	ACTIVE			
video_block	spacing.padding.left	string	dimension	{}	Initial value: 0	ACTIVE			
video_block	spacing.margin.top	string	dimension	{}	Initial value: 0	ACTIVE			
video_block	spacing.margin.right	string	dimension	{}	Initial value: 0	ACTIVE			
video_block	spacing.margin.bottom	string	dimension	{}	Initial value: 20px	ACTIVE			
video_block	spacing.margin.left	string	dimension	{}	Initial value: 0	ACTIVE			
video_block	spacing.gap	string	dimension	{}	Initial value: 0	ACTIVE			
video_block	size.width	string	dimension	{}	Initial value: 100%	ACTIVE			
video_block	size.aspect_ratio	string	text	{}	Initial value: 16/9	ACTIVE			
video_block	layout.display	string	dropdown	{"options":["block","flex","inline-block","none","grid","inline-flex"]}	Initial value: block	ACTIVE			
video_block	effects.shadow	string	text	{}	Initial value: 0 4px 12px rgba(0,0,0,0.1)	ACTIVE			
video_block	media.kind	string	text	{}	Initial value: video	ACTIVE			
video_block	media.src	string	text	{}	Initial value: https://www.w3schools.com/html/mov_bbb.mp4	ACTIVE			
video_block	media.poster	string	text	{}	Initial value: 	ACTIVE			
video_block	media.controls	boolean	toggle	{}	Initial value: true	ACTIVE			
video_block	media.autoplay	boolean	dimension	{}	Initial value: false	ACTIVE			
video_block	media.loop	boolean	toggle	{}	Initial value: false	ACTIVE			
video_block	interaction.enabled	boolean	toggle	{}	Initial value: true	ACTIVE			
video_block	linking	NA	text	{}	Initial value: [object Object]	NA			
video_block	data_binding.status	string	dropdown	{"options":["ENABLED","DISABLED","NA"]}	Initial value: ENABLED	ACTIVE			
video_block	tracking.analytics_event_name	string	text	{}	Initial value: video_play	ACTIVE			
video_block	accessibility.role	string	dropdown	{"options":["button","article","banner","navigation","main","complementary","region","img","none"]}	Initial value: application	ACTIVE			
video_block	accessibility.label	string	text	{}	Initial value: Video Player	ACTIVE			
video_block	constraints.allowed_edits	object	text	{}	Initial value: media,size,border	ACTIVE			